status,record_type,candidate_match_status,study_id,study_locus_id,lead_variant,gene_id,gene_symbol,l2g_rank,l2g_score,tss_distance_bp,candidate_coloc_status,matched_colocalisation_rows,source_colocalisation_index,qtl_gene_id,qtl_target_gene_id,qtl_target_gene_symbol,qtl_study_id,qtl_type,biosample_id,biosample_name,colocalisation_method,h3,h4,clpp,number_colocalising_variants,beta_ratio_sign_average,source_quality_controls,candidate_list_complete,colocalisation_list_complete,source_url
public_source_derived_pending_human_review,candidate_without_matched_colocalisation,not_returned_for_candidate,FINNGEN_R12_T2D,83b58cde6c7d78f3211dce1b35b83674,10_112998590_C_T,ENSG00000148737,TCF7L2,1,0.8699778914451599,48343,not_returned,0,,,,,,,,,,,,,,,Study has quality control flag(s),True,True,https://platform.opentargets.org/credible-set/83b58cde6c7d78f3211dce1b35b83674
public_source_derived_pending_human_review,candidate_colocalisation_match,matched_to_returned_candidate,FINNGEN_R12_T2D,25c86693e33ae778acf27c3255c2925f,12_4275678_T_G,ENSG00000118971,CCND2,1,0.34819284081459045,1916,present,11,4,,ENSG00000118971,CCND2,gtex-v10_ge_adipose_subcutaneous_ensg00000118971,eqtl,UBERON_0001013,adipose tissue,COLOC_PIP_ECAVIAR,0.0,1.0,0.9999999999692013,1,-1,Study has quality control flag(s),True,True,https://platform.opentargets.org/credible-set/25c86693e33ae778acf27c3255c2925f
public_source_derived_pending_human_review,candidate_colocalisation_match,matched_to_returned_candidate,FINNGEN_R12_T2D,25c86693e33ae778acf27c3255c2925f,12_4275678_T_G,ENSG00000118971,CCND2,1,0.34819284081459045,1916,present,11,7,,ENSG00000118971,CCND2,gtex-v10_ge_brain_cerebellum_ensg00000118971,eqtl,UBERON_0002037,cerebellum,COLOC_PIP_ECAVIAR,0.0,1.0,1.0,1,-1,Study has quality control flag(s),True,True,https://platform.opentargets.org/credible-set/25c86693e33ae778acf27c3255c2925f
public_source_derived_pending_human_review,candidate_colocalisation_match,matched_to_returned_candidate,FINNGEN_R12_T2D,25c86693e33ae778acf27c3255c2925f,12_4275678_T_G,ENSG00000118971,CCND2,1,0.34819284081459045,1916,present,11,9,,ENSG00000118971,CCND2,gtex-v10_ge_fibroblast_ensg00000118971,eqtl,CL_0000057,fibroblast,COLOC_PIP_ECAVIAR,0.0,1.0,0.9999984538349175,1,-1,Study has quality control flag(s),True,True,https://platform.opentargets.org/credible-set/25c86693e33ae778acf27c3255c2925f
public_source_derived_pending_human_review,candidate_colocalisation_match,matched_to_returned_candidate,FINNGEN_R12_T2D,25c86693e33ae778acf27c3255c2925f,12_4275678_T_G,ENSG00000118971,CCND2,1,0.34819284081459045,1916,present,11,15,,ENSG00000118971,CCND2,gtex-v10_ge_artery_tibial_ensg00000118971,eqtl,UBERON_0007610,tibial artery,COLOC_PIP_ECAVIAR,0.0,1.0,0.9999999971130185,1,-1,Study has quality control flag(s),True,True,https://platform.opentargets.org/credible-set/25c86693e33ae778acf27c3255c2925f
public_source_derived_pending_human_review,candidate_colocalisation_match,matched_to_returned_candidate,FINNGEN_R12_T2D,25c86693e33ae778acf27c3255c2925f,12_4275678_T_G,ENSG00000118971,CCND2,1,0.34819284081459045,1916,present,11,16,,ENSG00000118971,CCND2,gtex-v10_ge_skin_sun_exposed_ensg00000118971,eqtl,UBERON_0002097,skin of body,COLOC_PIP_ECAVIAR,0.0,1.0,0.9836718659053356,1,-1,Study has quality control flag(s),True,True,https://platform.opentargets.org/credible-set/25c86693e33ae778acf27c3255c2925f
public_source_derived_pending_human_review,candidate_colocalisation_match,matched_to_returned_candidate,FINNGEN_R12_T2D,25c86693e33ae778acf27c3255c2925f,12_4275678_T_G,ENSG00000118971,CCND2,1,0.34819284081459045,1916,present,11,19,,ENSG00000118971,CCND2,gtex-v10_ge_nerve_tibial_ensg00000118971,eqtl,UBERON_0001323,tibial nerve,COLOC_PIP_ECAVIAR,0.0,1.0,0.9999990144224614,1,-1,Study has quality control flag(s),True,True,https://platform.opentargets.org/credible-set/25c86693e33ae778acf27c3255c2925f
public_source_derived_pending_human_review,candidate_colocalisation_match,matched_to_returned_candidate,FINNGEN_R12_T2D,25c86693e33ae778acf27c3255c2925f,12_4275678_T_G,ENSG00000118971,CCND2,1,0.34819284081459045,1916,present,11,22,,ENSG00000118971,CCND2,gtex-v10_ge_lung_ensg00000118971,eqtl,UBERON_0008952,upper lobe of left lung,COLOC_PIP_ECAVIAR,0.0,1.0,0.999922655319176,1,-1,Study has quality control flag(s),True,True,https://platform.opentargets.org/credible-set/25c86693e33ae778acf27c3255c2925f
public_source_derived_pending_human_review,candidate_colocalisation_match,matched_to_returned_candidate,FINNGEN_R12_T2D,25c86693e33ae778acf27c3255c2925f,12_4275678_T_G,ENSG00000118971,CCND2,1,0.34819284081459045,1916,present,11,27,,ENSG00000118971,CCND2,gtex-v10_ge_brain_cerebellar_hemisphere_ensg00000118971,eqtl,UBERON_0002037,cerebellum,COLOC_PIP_ECAVIAR,0.0,1.0,1.0,1,-1,Study has quality control flag(s),True,True,https://platform.opentargets.org/credible-set/25c86693e33ae778acf27c3255c2925f
public_source_derived_pending_human_review,candidate_colocalisation_match,matched_to_returned_candidate,FINNGEN_R12_T2D,25c86693e33ae778acf27c3255c2925f,12_4275678_T_G,ENSG00000118971,CCND2,1,0.34819284081459045,1916,present,11,29,,ENSG00000118971,CCND2,gtex-v10_majiq_adipose_subcutaneous_ensg00000118971_s_4278668-4278919_4278919-4297757,sqtl,UBERON_0001013,adipose tissue,COLOC_PIP_ECAVIAR,0.0,1.0,0.9920267185351698,1,1,Study has quality control flag(s),True,True,https://platform.opentargets.org/credible-set/25c86693e33ae778acf27c3255c2925f
public_source_derived_pending_human_review,candidate_colocalisation_match,matched_to_returned_candidate,FINNGEN_R12_T2D,25c86693e33ae778acf27c3255c2925f,12_4275678_T_G,ENSG00000118971,CCND2,1,0.34819284081459045,1916,present,11,31,,ENSG00000118971,CCND2,gtex-v10_ge_muscle_ensg00000118971,eqtl,UBERON_0001134,skeletal muscle tissue,COLOC_PIP_ECAVIAR,0.0,1.0,0.9999993946161064,1,-1,Study has quality control flag(s),True,True,https://platform.opentargets.org/credible-set/25c86693e33ae778acf27c3255c2925f
public_source_derived_pending_human_review,candidate_colocalisation_match,matched_to_returned_candidate,FINNGEN_R12_T2D,25c86693e33ae778acf27c3255c2925f,12_4275678_T_G,ENSG00000118971,CCND2,1,0.34819284081459045,1916,present,11,35,,ENSG00000118971,CCND2,gtex-v10_ge_esophagus_muscularis_ensg00000118971,eqtl,UBERON_0004648,esophagus muscularis mucosa,COLOC_PIP_ECAVIAR,0.0,1.0,0.9999728387445467,1,-1,Study has quality control flag(s),True,True,https://platform.opentargets.org/credible-set/25c86693e33ae778acf27c3255c2925f
public_source_derived_pending_human_review,candidate_without_matched_colocalisation,not_returned_for_candidate,FINNGEN_R12_T2D,25c86693e33ae778acf27c3255c2925f,12_4275678_T_G,ENSG00000078237,TIGAR,2,0.0714227557182312,45535,not_returned,0,,,,,,,,,,,,,,,Study has quality control flag(s),True,True,https://platform.opentargets.org/credible-set/25c86693e33ae778acf27c3255c2925f
public_source_derived_pending_human_review,unmatched_locus_colocalisation,unmatched_to_returned_candidates,FINNGEN_R12_T2D,25c86693e33ae778acf27c3255c2925f,12_4275678_T_G,,,,,,,,0,,ENSG00000255920,CCND2-AS1,gtex-v10_exon_brain_putamen_ensg00000255920_4_12_4248794_4249190,eqtl,UBERON_0001874,putamen,COLOC_PIP_ECAVIAR,0.0,1.0,0.9999999997767055,1,-1,Study has quality control flag(s),True,True,https://platform.opentargets.org/credible-set/25c86693e33ae778acf27c3255c2925f
public_source_derived_pending_human_review,unmatched_locus_colocalisation,unmatched_to_returned_candidates,FINNGEN_R12_T2D,25c86693e33ae778acf27c3255c2925f,12_4275678_T_G,,,,,,,,1,,ENSG00000255920,CCND2-AS1,gtex-v10_ge_brain_anterior_cingulate_cortex_ensg00000255920,eqtl,UBERON_0009835,anterior cingulate cortex,COLOC_PIP_ECAVIAR,0.0,1.0,0.9999554716313603,1,-1,Study has quality control flag(s),True,True,https://platform.opentargets.org/credible-set/25c86693e33ae778acf27c3255c2925f
public_source_derived_pending_human_review,unmatched_locus_colocalisation,unmatched_to_returned_candidates,FINNGEN_R12_T2D,25c86693e33ae778acf27c3255c2925f,12_4275678_T_G,,,,,,,,2,,ENSG00000134443,GRP,UKB_PPP_EUR_GRP_P07492_OID30264_v1,pqtl,UBERON_0001969,blood plasma,COLOC_PIP_ECAVIAR,0.0,1.0,0.9999938168906388,1,-1,Study has quality control flag(s),True,True,https://platform.opentargets.org/credible-set/25c86693e33ae778acf27c3255c2925f
public_source_derived_pending_human_review,unmatched_locus_colocalisation,unmatched_to_returned_candidates,FINNGEN_R12_T2D,25c86693e33ae778acf27c3255c2925f,12_4275678_T_G,,,,,,,,3,,ENSG00000255920,CCND2-AS1,gtex-v10_ge_lung_ensg00000255920,eqtl,UBERON_0008952,upper lobe of left lung,COLOC_PIP_ECAVIAR,0.0,1.0,0.9999997391533259,1,-1,Study has quality control flag(s),True,True,https://platform.opentargets.org/credible-set/25c86693e33ae778acf27c3255c2925f
public_source_derived_pending_human_review,unmatched_locus_colocalisation,unmatched_to_returned_candidates,FINNGEN_R12_T2D,25c86693e33ae778acf27c3255c2925f,12_4275678_T_G,,,,,,,,5,,ENSG00000255920,CCND2-AS1,gtex-v10_ge_skin_not_sun_exposed_ensg00000255920,eqtl,UBERON_0036149,suprapubic skin,COLOC_PIP_ECAVIAR,0.0,1.0,0.999998121277915,1,-1,Study has quality control flag(s),True,True,https://platform.opentargets.org/credible-set/25c86693e33ae778acf27c3255c2925f
public_source_derived_pending_human_review,unmatched_locus_colocalisation,unmatched_to_returned_candidates,FINNGEN_R12_T2D,25c86693e33ae778acf27c3255c2925f,12_4275678_T_G,,,,,,,,6,,ENSG00000255920,CCND2-AS1,gtex-v10_ge_artery_tibial_ensg00000255920,eqtl,UBERON_0007610,tibial artery,COLOC_PIP_ECAVIAR,0.0,1.0,0.9996883985846556,1,-1,Study has quality control flag(s),True,True,https://platform.opentargets.org/credible-set/25c86693e33ae778acf27c3255c2925f
public_source_derived_pending_human_review,unmatched_locus_colocalisation,unmatched_to_returned_candidates,FINNGEN_R12_T2D,25c86693e33ae778acf27c3255c2925f,12_4275678_T_G,,,,,,,,8,,ENSG00000255920,CCND2-AS1,gtex-v10_ge_brain_cerebellar_hemisphere_ensg00000255920,eqtl,UBERON_0002037,cerebellum,COLOC_PIP_ECAVIAR,0.0,1.0,1.0,1,-1,Study has quality control flag(s),True,True,https://platform.opentargets.org/credible-set/25c86693e33ae778acf27c3255c2925f
public_source_derived_pending_human_review,unmatched_locus_colocalisation,unmatched_to_returned_candidates,FINNGEN_R12_T2D,25c86693e33ae778acf27c3255c2925f,12_4275678_T_G,,,,,,,,10,,ENSG00000255920,CCND2-AS1,gtex-v10_ge_brain_amygdala_ensg00000255920,eqtl,UBERON_0001876,amygdala,COLOC_PIP_ECAVIAR,0.0,1.0,0.9999949142906762,1,-1,Study has quality control flag(s),True,True,https://platform.opentargets.org/credible-set/25c86693e33ae778acf27c3255c2925f
public_source_derived_pending_human_review,unmatched_locus_colocalisation,unmatched_to_returned_candidates,FINNGEN_R12_T2D,25c86693e33ae778acf27c3255c2925f,12_4275678_T_G,,,,,,,,11,,ENSG00000255920,CCND2-AS1,gtex-v10_exon_brain_hypothalamus_ensg00000255920_4_12_4248794_4249190,eqtl,UBERON_0001898,hypothalamus,COLOC_PIP_ECAVIAR,0.0,1.0,0.9999999936016368,1,-1,Study has quality control flag(s),True,True,https://platform.opentargets.org/credible-set/25c86693e33ae778acf27c3255c2925f
public_source_derived_pending_human_review,unmatched_locus_colocalisation,unmatched_to_returned_candidates,FINNGEN_R12_T2D,25c86693e33ae778acf27c3255c2925f,12_4275678_T_G,,,,,,,,12,,ENSG00000255920,CCND2-AS1,gtex-v10_majiq_brain_cerebellum_ensg00000255920_t_4247981-4249193_4249190-4251440,sqtl,UBERON_0002037,cerebellum,COLOC_PIP_ECAVIAR,0.0,1.0,1.0,1,1,Study has quality control flag(s),True,True,https://platform.opentargets.org/credible-set/25c86693e33ae778acf27c3255c2925f
public_source_derived_pending_human_review,unmatched_locus_colocalisation,unmatched_to_returned_candidates,FINNGEN_R12_T2D,25c86693e33ae778acf27c3255c2925f,12_4275678_T_G,,,,,,,,13,,ENSG00000255920,CCND2-AS1,gtex-v10_ge_brain_cortex_ensg00000255920,eqtl,UBERON_0001870,frontal cortex,COLOC_PIP_ECAVIAR,0.0,1.0,0.9999999653263371,1,-1,Study has quality control flag(s),True,True,https://platform.opentargets.org/credible-set/25c86693e33ae778acf27c3255c2925f
public_source_derived_pending_human_review,unmatched_locus_colocalisation,unmatched_to_returned_candidates,FINNGEN_R12_T2D,25c86693e33ae778acf27c3255c2925f,12_4275678_T_G,,,,,,,,14,,ENSG00000255920,CCND2-AS1,gtex-v10_ge_esophagus_gej_ensg00000255920,eqtl,UBERON_0004550,gastroesophageal sphincter,COLOC_PIP_ECAVIAR,0.0,1.0,0.9971752136885942,1,-1,Study has quality control flag(s),True,True,https://platform.opentargets.org/credible-set/25c86693e33ae778acf27c3255c2925f
public_source_derived_pending_human_review,unmatched_locus_colocalisation,unmatched_to_returned_candidates,FINNGEN_R12_T2D,25c86693e33ae778acf27c3255c2925f,12_4275678_T_G,,,,,,,,17,,ENSG00000255920,CCND2-AS1,gtex-v10_ge_brain_nucleus_accumbens_ensg00000255920,eqtl,UBERON_0001882,nucleus accumbens,COLOC_PIP_ECAVIAR,0.0,1.0,0.9999997873258691,1,-1,Study has quality control flag(s),True,True,https://platform.opentargets.org/credible-set/25c86693e33ae778acf27c3255c2925f
public_source_derived_pending_human_review,unmatched_locus_colocalisation,unmatched_to_returned_candidates,FINNGEN_R12_T2D,25c86693e33ae778acf27c3255c2925f,12_4275678_T_G,,,,,,,,18,,ENSG00000255920,CCND2-AS1,gtex-v10_ge_brain_cerebellum_ensg00000255920,eqtl,UBERON_0002037,cerebellum,COLOC_PIP_ECAVIAR,0.0,1.0,1.0,1,-1,Study has quality control flag(s),True,True,https://platform.opentargets.org/credible-set/25c86693e33ae778acf27c3255c2925f
public_source_derived_pending_human_review,unmatched_locus_colocalisation,unmatched_to_returned_candidates,FINNGEN_R12_T2D,25c86693e33ae778acf27c3255c2925f,12_4275678_T_G,,,,,,,,20,,ENSG00000255920,CCND2-AS1,gtex-v10_ge_brain_caudate_ensg00000255920,eqtl,UBERON_0001873,caudate nucleus,COLOC_PIP_ECAVIAR,0.0,1.0,0.9999999999300191,1,-1,Study has quality control flag(s),True,True,https://platform.opentargets.org/credible-set/25c86693e33ae778acf27c3255c2925f
public_source_derived_pending_human_review,unmatched_locus_colocalisation,unmatched_to_returned_candidates,FINNGEN_R12_T2D,25c86693e33ae778acf27c3255c2925f,12_4275678_T_G,,,,,,,,21,,ENSG00000255920,CCND2-AS1,gtex-v10_ge_nerve_tibial_ensg00000255920,eqtl,UBERON_0001323,tibial nerve,COLOC_PIP_ECAVIAR,0.0,1.0,0.9999999722319847,1,-1,Study has quality control flag(s),True,True,https://platform.opentargets.org/credible-set/25c86693e33ae778acf27c3255c2925f
public_source_derived_pending_human_review,unmatched_locus_colocalisation,unmatched_to_returned_candidates,FINNGEN_R12_T2D,25c86693e33ae778acf27c3255c2925f,12_4275678_T_G,,,,,,,,23,,ENSG00000255920,CCND2-AS1,gtex-v10_ge_artery_aorta_ensg00000255920,eqtl,UBERON_0001496,ascending aorta,COLOC_PIP_ECAVIAR,0.0,1.0,0.9999792585947099,1,-1,Study has quality control flag(s),True,True,https://platform.opentargets.org/credible-set/25c86693e33ae778acf27c3255c2925f
public_source_derived_pending_human_review,unmatched_locus_colocalisation,unmatched_to_returned_candidates,FINNGEN_R12_T2D,25c86693e33ae778acf27c3255c2925f,12_4275678_T_G,,,,,,,,24,,ENSG00000255920,CCND2-AS1,gtex-v10_ge_fibroblast_ensg00000255920,eqtl,CL_0000057,fibroblast,COLOC_PIP_ECAVIAR,0.0,1.0,0.9999999999999688,1,-1,Study has quality control flag(s),True,True,https://platform.opentargets.org/credible-set/25c86693e33ae778acf27c3255c2925f
public_source_derived_pending_human_review,unmatched_locus_colocalisation,unmatched_to_returned_candidates,FINNGEN_R12_T2D,25c86693e33ae778acf27c3255c2925f,12_4275678_T_G,,,,,,,,25,,ENSG00000255920,CCND2-AS1,gtex-v10_ge_adipose_subcutaneous_ensg00000255920,eqtl,UBERON_0001013,adipose tissue,COLOC_PIP_ECAVIAR,0.0,1.0,0.9999999676056671,1,-1,Study has quality control flag(s),True,True,https://platform.opentargets.org/credible-set/25c86693e33ae778acf27c3255c2925f
public_source_derived_pending_human_review,unmatched_locus_colocalisation,unmatched_to_returned_candidates,FINNGEN_R12_T2D,25c86693e33ae778acf27c3255c2925f,12_4275678_T_G,,,,,,,,26,,ENSG00000255920,CCND2-AS1,gtex-v10_ge_brain_hypothalamus_ensg00000255920,eqtl,UBERON_0001898,hypothalamus,COLOC_PIP_ECAVIAR,0.0,1.0,0.9999999999724207,1,-1,Study has quality control flag(s),True,True,https://platform.opentargets.org/credible-set/25c86693e33ae778acf27c3255c2925f
public_source_derived_pending_human_review,unmatched_locus_colocalisation,unmatched_to_returned_candidates,FINNGEN_R12_T2D,25c86693e33ae778acf27c3255c2925f,12_4275678_T_G,,,,,,,,28,,ENSG00000255920,CCND2-AS1,gtex-v10_majiq_brain_cerebellar_hemisphere_ensg00000255920_t_4247981-4249193_4249190-4251440,sqtl,UBERON_0002037,cerebellum,COLOC_PIP_ECAVIAR,0.0,1.0,1.0,1,1,Study has quality control flag(s),True,True,https://platform.opentargets.org/credible-set/25c86693e33ae778acf27c3255c2925f
public_source_derived_pending_human_review,unmatched_locus_colocalisation,unmatched_to_returned_candidates,FINNGEN_R12_T2D,25c86693e33ae778acf27c3255c2925f,12_4275678_T_G,,,,,,,,30,,ENSG00000255920,CCND2-AS1,gtex-v10_ge_brain_frontal_cortex_ensg00000255920,eqtl,UBERON_0009834,dorsolateral prefrontal cortex,COLOC_PIP_ECAVIAR,0.0,1.0,0.9999999524777308,1,-1,Study has quality control flag(s),True,True,https://platform.opentargets.org/credible-set/25c86693e33ae778acf27c3255c2925f
public_source_derived_pending_human_review,unmatched_locus_colocalisation,unmatched_to_returned_candidates,FINNGEN_R12_T2D,25c86693e33ae778acf27c3255c2925f,12_4275678_T_G,,,,,,,,32,,ENSG00000255920,CCND2-AS1,gtex-v10_ge_skin_sun_exposed_ensg00000255920,eqtl,UBERON_0002097,skin of body,COLOC_PIP_ECAVIAR,0.0,1.0,0.9999999556469794,1,-1,Study has quality control flag(s),True,True,https://platform.opentargets.org/credible-set/25c86693e33ae778acf27c3255c2925f
public_source_derived_pending_human_review,unmatched_locus_colocalisation,unmatched_to_returned_candidates,FINNGEN_R12_T2D,25c86693e33ae778acf27c3255c2925f,12_4275678_T_G,,,,,,,,33,,ENSG00000255920,CCND2-AS1,gtex-v10_exon_brain_cerebellar_hemisphere_ensg00000255920_4_12_4248794_4249190,eqtl,UBERON_0002037,cerebellum,COLOC_PIP_ECAVIAR,0.0,1.0,1.0,1,-1,Study has quality control flag(s),True,True,https://platform.opentargets.org/credible-set/25c86693e33ae778acf27c3255c2925f
public_source_derived_pending_human_review,unmatched_locus_colocalisation,unmatched_to_returned_candidates,FINNGEN_R12_T2D,25c86693e33ae778acf27c3255c2925f,12_4275678_T_G,,,,,,,,34,,ENSG00000255920,CCND2-AS1,gtex-v10_exon_brain_cerebellum_ensg00000255920_4_12_4248794_4249190,eqtl,UBERON_0002037,cerebellum,COLOC_PIP_ECAVIAR,0.0,1.0,1.0,1,-1,Study has quality control flag(s),True,True,https://platform.opentargets.org/credible-set/25c86693e33ae778acf27c3255c2925f
public_source_derived_pending_human_review,unmatched_locus_colocalisation,unmatched_to_returned_candidates,FINNGEN_R12_T2D,25c86693e33ae778acf27c3255c2925f,12_4275678_T_G,,,,,,,,36,,ENSG00000255920,CCND2-AS1,gtex-v10_ge_esophagus_muscularis_ensg00000255920,eqtl,UBERON_0004648,esophagus muscularis mucosa,COLOC_PIP_ECAVIAR,0.0,1.0,0.9999994882163772,1,-1,Study has quality control flag(s),True,True,https://platform.opentargets.org/credible-set/25c86693e33ae778acf27c3255c2925f
public_source_derived_pending_human_review,unmatched_locus_colocalisation,unmatched_to_returned_candidates,FINNGEN_R12_T2D,25c86693e33ae778acf27c3255c2925f,12_4275678_T_G,,,,,,,,37,,ENSG00000255920,CCND2-AS1,gtex-v10_ge_brain_putamen_ensg00000255920,eqtl,UBERON_0001874,putamen,COLOC_PIP_ECAVIAR,0.0,1.0,0.9999999999202727,1,-1,Study has quality control flag(s),True,True,https://platform.opentargets.org/credible-set/25c86693e33ae778acf27c3255c2925f
public_source_derived_pending_human_review,candidate_without_matched_colocalisation,not_returned_for_candidate,FINNGEN_R12_T2D,911b5c2383e73877f5d1a394a5ed728c,16_53793567_A_G,ENSG00000140718,FTO,1,0.987581729888916,89411,not_returned,0,,,,,,,,,,,,,,,Study has quality control flag(s),True,True,https://platform.opentargets.org/credible-set/911b5c2383e73877f5d1a394a5ed728c
public_source_derived_pending_human_review,candidate_without_matched_colocalisation,not_returned_for_candidate,FINNGEN_R12_T2D,911b5c2383e73877f5d1a394a5ed728c,16_53793567_A_G,ENSG00000103494,RPGRIP1L,2,0.16628402471542358,89708,not_returned,0,,,,,,,,,,,,,,,Study has quality control flag(s),True,True,https://platform.opentargets.org/credible-set/911b5c2383e73877f5d1a394a5ed728c
public_source_derived_pending_human_review,candidate_without_matched_colocalisation,not_returned_for_candidate,FINNGEN_R12_T2D,911b5c2383e73877f5d1a394a5ed728c,16_53793567_A_G,ENSG00000177200,CHD9,3,0.08166446536779404,738576,not_returned,0,,,,,,,,,,,,,,,Study has quality control flag(s),True,True,https://platform.opentargets.org/credible-set/911b5c2383e73877f5d1a394a5ed728c
public_source_derived_pending_human_review,unmatched_locus_colocalisation,unmatched_to_returned_candidates,FINNGEN_R12_T2D,911b5c2383e73877f5d1a394a5ed728c,16_53793567_A_G,,,,,,,,0,,ENSG00000171102,OBP2B,UKB_PPP_EUR_OBP2B_Q9NPH6_OID20980_v1,pqtl,UBERON_0001969,blood plasma,COLOC_PIP_ECAVIAR,0.15466261888640825,0.8453373811135918,0.004913777721488245,45,-1,Study has quality control flag(s),True,True,https://platform.opentargets.org/credible-set/911b5c2383e73877f5d1a394a5ed728c
public_source_derived_pending_human_review,unmatched_locus_colocalisation,unmatched_to_returned_candidates,FINNGEN_R12_T2D,911b5c2383e73877f5d1a394a5ed728c,16_53793567_A_G,,,,,,,,1,,ENSG00000174697,LEP,UKB_PPP_EUR_LEP_P41159_OID20187_v1,pqtl,UBERON_0001969,blood plasma,COLOC_PIP_ECAVIAR,0.06659978477877668,0.9334002152212234,0.012512353290438784,53,1,Study has quality control flag(s),True,True,https://platform.opentargets.org/credible-set/911b5c2383e73877f5d1a394a5ed728c
public_source_derived_pending_human_review,candidate_without_matched_colocalisation,not_returned_for_candidate,FINNGEN_R12_T2D,f26ca97da3415b5a097fdf85b538997e,20_44354839_C_CA,ENSG00000101076,HNF4A,1,0.5326935052871704,860,not_returned,0,,,,,,,,,,,,,,,Study has quality control flag(s),True,True,https://platform.opentargets.org/credible-set/f26ca97da3415b5a097fdf85b538997e
public_source_derived_pending_human_review,candidate_without_matched_colocalisation,not_returned_for_candidate,FINNGEN_R12_T2D,f26ca97da3415b5a097fdf85b538997e,20_44354839_C_CA,ENSG00000197296,FITM2,2,0.0782862976193428,43637,not_returned,0,,,,,,,,,,,,,,,Study has quality control flag(s),True,True,https://platform.opentargets.org/credible-set/f26ca97da3415b5a097fdf85b538997e
public_source_derived_pending_human_review,candidate_without_matched_colocalisation,not_returned_for_candidate,FINNGEN_R12_T2D,f26ca97da3415b5a097fdf85b538997e,20_44354839_C_CA,ENSG00000101074,R3HDML,3,0.05906550586223602,17796,not_returned,0,,,,,,,,,,,,,,,Study has quality control flag(s),True,True,https://platform.opentargets.org/credible-set/f26ca97da3415b5a097fdf85b538997e
public_source_derived_pending_human_review,candidate_without_matched_colocalisation,not_returned_for_candidate,FINNGEN_R12_T2D,f26ca97da3415b5a097fdf85b538997e,20_44354839_C_CA,ENSG00000124194,GDAP1L1,4,0.053869761526584625,107531,not_returned,0,,,,,,,,,,,,,,,Study has quality control flag(s),True,True,https://platform.opentargets.org/credible-set/f26ca97da3415b5a097fdf85b538997e
public_source_derived_pending_human_review,candidate_colocalisation_match,matched_to_returned_candidate,FINNGEN_R12_T2D,8b114fb0fc75e8f34eece8cee51dd41f,6_20703721_A_G,ENSG00000145996,CDKAL1,1,0.9386451840400696,169264,present,2,1,,ENSG00000145996,CDKAL1,fusion_leafcutter_muscle_naive_6_20534574_20535351_clu_6789_-,sqtl,UBERON_0001134,skeletal muscle tissue,COLOC_PIP_ECAVIAR,0.050476102510885607,0.9495238974891144,0.017526600467116026,6,1,Study has quality control flag(s),True,True,https://platform.opentargets.org/credible-set/8b114fb0fc75e8f34eece8cee51dd41f
public_source_derived_pending_human_review,candidate_colocalisation_match,matched_to_returned_candidate,FINNGEN_R12_T2D,8b114fb0fc75e8f34eece8cee51dd41f,6_20703721_A_G,ENSG00000145996,CDKAL1,1,0.9386451840400696,169264,present,2,2,,ENSG00000145996,CDKAL1,OTAR2057_IBDverse_ge_Colon_ileum_Enterochromaffin_TPH1_CES1+_ENSG00000145996,sceqtl,CL_0000504,enterochromaffin-like cell,COLOC_PIP_ECAVIAR,0.014427898978604636,0.9855721010213954,0.06108280581803706,5,1,Study has quality control flag(s),True,True,https://platform.opentargets.org/credible-set/8b114fb0fc75e8f34eece8cee51dd41f
public_source_derived_pending_human_review,unmatched_locus_colocalisation,unmatched_to_returned_candidates,FINNGEN_R12_T2D,8b114fb0fc75e8f34eece8cee51dd41f,6_20703721_A_G,,,,,,,,0,,ENSG00000108849,PPY,UKB_PPP_EUR_PPY_P01298_OID21516_v1,pqtl,UBERON_0001969,blood plasma,COLOC_PIP_ECAVIAR,0.007450893016107225,0.9925491069838929,0.11397915699711195,6,-1,Study has quality control flag(s),True,True,https://platform.opentargets.org/credible-set/8b114fb0fc75e8f34eece8cee51dd41f
public_source_derived_pending_human_review,unmatched_locus_colocalisation,unmatched_to_returned_candidates,FINNGEN_R12_T2D,8b114fb0fc75e8f34eece8cee51dd41f,6_20703721_A_G,,,,,,,,3,,ENSG00000233848,ENSG00000233848,OTAR2057_IBDverse_ge_Colon_ileum_Enterochromaffin_TPH1_CES1+_ENSG00000233848,sceqtl,CL_0000504,enterochromaffin-like cell,COLOC_PIP_ECAVIAR,0.04111475466960328,0.9588852453303968,0.02164637195277578,6,1,Study has quality control flag(s),True,True,https://platform.opentargets.org/credible-set/8b114fb0fc75e8f34eece8cee51dd41f
