study_id,study_locus_id,lead_variant,gene_id,gene_symbol,l2g_score,tss_distance_bp,nearest_among_returned_candidates,coloc_rows_fetched,max_h4_fetched,coloc_status,candidate_list_complete,coloc_list_complete,source_quality_controls,source_url,status
FINNGEN_R12_T2D,83b58cde6c7d78f3211dce1b35b83674,10_112998590_C_T,ENSG00000148737,TCF7L2,0.8699778914451599,48343,True,0,,not_returned,True,True,Study has quality control flag(s),https://platform.opentargets.org/credible-set/83b58cde6c7d78f3211dce1b35b83674,public_source_derived_pending_human_review
FINNGEN_R12_T2D,25c86693e33ae778acf27c3255c2925f,12_4275678_T_G,ENSG00000118971,CCND2,0.34819284081459045,1916,True,11,1.0,present,True,True,Study has quality control flag(s),https://platform.opentargets.org/credible-set/25c86693e33ae778acf27c3255c2925f,public_source_derived_pending_human_review
FINNGEN_R12_T2D,25c86693e33ae778acf27c3255c2925f,12_4275678_T_G,ENSG00000078237,TIGAR,0.0714227557182312,45535,False,0,,not_returned,True,True,Study has quality control flag(s),https://platform.opentargets.org/credible-set/25c86693e33ae778acf27c3255c2925f,public_source_derived_pending_human_review
FINNGEN_R12_T2D,911b5c2383e73877f5d1a394a5ed728c,16_53793567_A_G,ENSG00000140718,FTO,0.987581729888916,89411,True,0,,not_returned,True,True,Study has quality control flag(s),https://platform.opentargets.org/credible-set/911b5c2383e73877f5d1a394a5ed728c,public_source_derived_pending_human_review
FINNGEN_R12_T2D,911b5c2383e73877f5d1a394a5ed728c,16_53793567_A_G,ENSG00000103494,RPGRIP1L,0.16628402471542358,89708,False,0,,not_returned,True,True,Study has quality control flag(s),https://platform.opentargets.org/credible-set/911b5c2383e73877f5d1a394a5ed728c,public_source_derived_pending_human_review
FINNGEN_R12_T2D,911b5c2383e73877f5d1a394a5ed728c,16_53793567_A_G,ENSG00000177200,CHD9,0.08166446536779404,738576,False,0,,not_returned,True,True,Study has quality control flag(s),https://platform.opentargets.org/credible-set/911b5c2383e73877f5d1a394a5ed728c,public_source_derived_pending_human_review
FINNGEN_R12_T2D,f26ca97da3415b5a097fdf85b538997e,20_44354839_C_CA,ENSG00000101076,HNF4A,0.5326935052871704,860,True,0,,not_returned,True,True,Study has quality control flag(s),https://platform.opentargets.org/credible-set/f26ca97da3415b5a097fdf85b538997e,public_source_derived_pending_human_review
FINNGEN_R12_T2D,f26ca97da3415b5a097fdf85b538997e,20_44354839_C_CA,ENSG00000197296,FITM2,0.0782862976193428,43637,False,0,,not_returned,True,True,Study has quality control flag(s),https://platform.opentargets.org/credible-set/f26ca97da3415b5a097fdf85b538997e,public_source_derived_pending_human_review
FINNGEN_R12_T2D,f26ca97da3415b5a097fdf85b538997e,20_44354839_C_CA,ENSG00000101074,R3HDML,0.05906550586223602,17796,False,0,,not_returned,True,True,Study has quality control flag(s),https://platform.opentargets.org/credible-set/f26ca97da3415b5a097fdf85b538997e,public_source_derived_pending_human_review
FINNGEN_R12_T2D,f26ca97da3415b5a097fdf85b538997e,20_44354839_C_CA,ENSG00000124194,GDAP1L1,0.053869761526584625,107531,False,0,,not_returned,True,True,Study has quality control flag(s),https://platform.opentargets.org/credible-set/f26ca97da3415b5a097fdf85b538997e,public_source_derived_pending_human_review
FINNGEN_R12_T2D,8b114fb0fc75e8f34eece8cee51dd41f,6_20703721_A_G,ENSG00000145996,CDKAL1,0.9386451840400696,169264,True,2,0.9855721010213954,present,True,True,Study has quality control flag(s),https://platform.opentargets.org/credible-set/8b114fb0fc75e8f34eece8cee51dd41f,public_source_derived_pending_human_review
