record_status,source_platform_name,source_data_version_year,source_data_version_month,source_data_version_iteration,source_api_version_x,source_api_version_y,source_api_version_z,source_retrieved_utc,source_study_id,source_project_id,source_trait,coordinate_build,source_evidence_sha256,study_locus_id,lead_variant_id,locus_chromosome,locus_position,locus_p_value_mantissa,locus_p_value_exponent,locus_finemapping_method,locus_confidence,source_quality_controls,source_url,source_row_number_within_locus,source_reported_count,source_fetched_count,source_collection_complete,target_gene_id,target_gene_symbol,target_biotype,canonical_transcript_chromosome,canonical_transcript_start,canonical_transcript_end,canonical_transcript_strand,l2g_score,tss_distance_bp,candidate_coloc_status,candidate_coloc_rows_fetched,candidate_max_h4_fetched,feature_eQtlColocClppMaximum_value,feature_eQtlColocClppMaximum_shap_value,feature_pQtlColocClppMaximum_value,feature_pQtlColocClppMaximum_shap_value,feature_sQtlColocClppMaximum_value,feature_sQtlColocClppMaximum_shap_value,feature_eQtlColocH4Maximum_value,feature_eQtlColocH4Maximum_shap_value,feature_pQtlColocH4Maximum_value,feature_pQtlColocH4Maximum_shap_value,feature_sQtlColocH4Maximum_value,feature_sQtlColocH4Maximum_shap_value,feature_eQtlColocClppMaximumNeighbourhood_value,feature_eQtlColocClppMaximumNeighbourhood_shap_value,feature_pQtlColocClppMaximumNeighbourhood_value,feature_pQtlColocClppMaximumNeighbourhood_shap_value,feature_sQtlColocClppMaximumNeighbourhood_value,feature_sQtlColocClppMaximumNeighbourhood_shap_value,feature_eQtlColocH4MaximumNeighbourhood_value,feature_eQtlColocH4MaximumNeighbourhood_shap_value,feature_pQtlColocH4MaximumNeighbourhood_value,feature_pQtlColocH4MaximumNeighbourhood_shap_value,feature_sQtlColocH4MaximumNeighbourhood_value,feature_sQtlColocH4MaximumNeighbourhood_shap_value,feature_distanceSentinelFootprint_value,feature_distanceSentinelFootprint_shap_value,feature_distanceSentinelFootprintNeighbourhood_value,feature_distanceSentinelFootprintNeighbourhood_shap_value,feature_distanceFootprintMean_value,feature_distanceFootprintMean_shap_value,feature_distanceFootprintMeanNeighbourhood_value,feature_distanceFootprintMeanNeighbourhood_shap_value,feature_distanceTssMean_value,feature_distanceTssMean_shap_value,feature_distanceTssMeanNeighbourhood_value,feature_distanceTssMeanNeighbourhood_shap_value,feature_distanceSentinelTss_value,feature_distanceSentinelTss_shap_value,feature_distanceSentinelTssNeighbourhood_value,feature_distanceSentinelTssNeighbourhood_shap_value,feature_vepMaximum_value,feature_vepMaximum_shap_value,feature_vepMaximumNeighbourhood_value,feature_vepMaximumNeighbourhood_shap_value,feature_vepMean_value,feature_vepMean_shap_value,feature_vepMeanNeighbourhood_value,feature_vepMeanNeighbourhood_shap_value,feature_e2gMean_value,feature_e2gMean_shap_value,feature_e2gMeanNeighbourhood_value,feature_e2gMeanNeighbourhood_shap_value,feature_geneCount500kb_value,feature_geneCount500kb_shap_value,feature_proteinGeneCount500kb_value,feature_proteinGeneCount500kb_shap_value,feature_credibleSetConfidence_value,feature_credibleSetConfidence_shap_value,feature_transPQtlColocH4Maximum_value,feature_transPQtlColocH4Maximum_shap_value,feature_transPQtlColocH4MaximumNeighbourhood_value,feature_transPQtlColocH4MaximumNeighbourhood_shap_value
public_source_derived_pending_human_review,Open Targets GraphQL & REST API Beta,26,09,,26,9,0,2026-09-25T14:04:47.212407Z,FINNGEN_R12_T2D,FINNGEN_R12,"Type 2 diabetes, definitions combined",GRCh38,49e73e407ba8a062c7b0a32f145233d24505dd381e675c550e5ba76267f5c821,83b58cde6c7d78f3211dce1b35b83674,10_112998590_C_T,10,112998590,1.0540000200271606,-282,SuSie,SuSiE fine-mapped credible set with in-sample LD,Study has quality control flag(s),https://platform.opentargets.org/credible-set/83b58cde6c7d78f3211dce1b35b83674,1,1,1,True,ENSG00000148737,TCF7L2,protein_coding,10,112950247,113167678,POSITIVE,0.8699778914451599,48343,not_returned,0,,0,-0.00044133432675153017,0,-0.0009515638230368495,0,-0.0009404098382219672,0,-0.0009142823982983828,0,-0.00031783711165189743,0,-0.0006845011375844479,0,-0.0023669761139899492,0,-0.00015945150516927242,0,4.4496515329228714e-05,0,0.0004407025990076363,0,-3.343439311720431e-05,0,-9.648486593505368e-05,1,0.022186117246747017,1,0.13715964555740356,0.9999985694885254,0.010221283882856369,1,-0.005127293057739735,0.992249608039856,0.0633828341960907,1,0.06068999692797661,0.9922510385513306,-0.0007775197736918926,1,0.12609703838825226,0.3199999928474426,-0.0030253329314291477,1,0.1038760095834732,0.31999391317367554,-0.014622945338487625,1,0.052667781710624695,0,0.0025526215322315693,0,-0.0017366759711876512,13,0.009718573652207851,1,0.19778072834014893,1,-0.002497706562280655,0,-0.0019757873378694057,0,-0.0014078908134251833
public_source_derived_pending_human_review,Open Targets GraphQL & REST API Beta,26,09,,26,9,0,2026-09-25T14:04:47.212407Z,FINNGEN_R12_T2D,FINNGEN_R12,"Type 2 diabetes, definitions combined",GRCh38,49e73e407ba8a062c7b0a32f145233d24505dd381e675c550e5ba76267f5c821,25c86693e33ae778acf27c3255c2925f,12_4275678_T_G,12,4275678,2.138000011444092,-145,SuSie,SuSiE fine-mapped credible set with in-sample LD,Study has quality control flag(s),https://platform.opentargets.org/credible-set/25c86693e33ae778acf27c3255c2925f,1,2,2,True,ENSG00000118971,CCND2,protein_coding,12,4273762,4305353,POSITIVE,0.34819284081459045,1916,present,11,1.0,1,-0.029885541647672653,0,-0.004652634263038635,0.9920267462730408,0.02635979652404785,1,-0.01646468974649906,0,-0.0023817403707653284,1,0.020322158932685852,1,0.05007567256689072,0,-0.0014574513770639896,1,0.007591362111270428,1,-0.001356345834210515,0,-0.002139035612344742,1,0.00444458145648241,1,0.002565960632637143,1,0.07372750341892242,1,-0.009824794717133045,1,-0.0034909690730273724,0.9997074007987976,0.0033222418278455734,1,0.039832524955272675,0.9997074007987976,-0.0440966933965683,1,0.053490132093429565,0.3199999928474426,0.006165303289890289,1,0.04893798381090164,0.3199999928474426,-0.013456935063004494,1,0.024639183655381203,0.9999719262123108,0.019893156364560127,0.9999747276306152,0.004853809252381325,21,-0.014507981017231941,5,0.020867303013801575,1,0.0001267272309632972,0,-0.003549025859683752,0,-0.0014830509899184108
public_source_derived_pending_human_review,Open Targets GraphQL & REST API Beta,26,09,,26,9,0,2026-09-25T14:04:47.212407Z,FINNGEN_R12_T2D,FINNGEN_R12,"Type 2 diabetes, definitions combined",GRCh38,49e73e407ba8a062c7b0a32f145233d24505dd381e675c550e5ba76267f5c821,25c86693e33ae778acf27c3255c2925f,12_4275678_T_G,12,4275678,2.138000011444092,-145,SuSie,SuSiE fine-mapped credible set with in-sample LD,Study has quality control flag(s),https://platform.opentargets.org/credible-set/25c86693e33ae778acf27c3255c2925f,2,2,2,True,ENSG00000078237,TIGAR,protein_coding,12,4321213,4360028,POSITIVE,0.0714227557182312,45535,not_returned,0,,0,-0.0005678179441019893,0,-0.0065635694190859795,0,-0.002649025060236454,0,-0.0014181194128468633,0,-0.0029267207719385624,0,-0.0015738841611891985,0,-0.010148540139198303,0,-0.003051580162718892,0,-0.00105351023375988,0,-0.0003209837304893881,0,-0.007147009018808603,0,-0.0008759209886193275,0.9927233457565308,-0.006122899707406759,0.9927233457565308,-0.004688010085374117,0.9927233457565308,-0.003050551749765873,0.9927233457565308,0.006121610291302204,0.9927233457565308,0.009956847876310349,0.993013858795166,0.017120476812124252,0.9927233457565308,-0.009397543035447598,0.993013858795166,-0.004360435996204615,0.2199999988079071,-0.004222788382321596,0.6875,0.0016363851027563214,0.2199999988079071,0.011748780496418476,0.6875,0.004125223029404879,0,0.0007487593684345484,0,-0.006335429381579161,21,0.0008688286761753261,5,0.01021011546254158,1,-2.668625029400573e-06,0,-0.003395338077098131,0,-0.0009664218523539603
public_source_derived_pending_human_review,Open Targets GraphQL & REST API Beta,26,09,,26,9,0,2026-09-25T14:04:47.212407Z,FINNGEN_R12_T2D,FINNGEN_R12,"Type 2 diabetes, definitions combined",GRCh38,49e73e407ba8a062c7b0a32f145233d24505dd381e675c550e5ba76267f5c821,911b5c2383e73877f5d1a394a5ed728c,16_53793567_A_G,16,53793567,1.3079999685287476,-92,SuSie,SuSiE fine-mapped credible set with in-sample LD,Study has quality control flag(s),https://platform.opentargets.org/credible-set/911b5c2383e73877f5d1a394a5ed728c,1,3,3,True,ENSG00000140718,FTO,protein_coding,16,53704156,54121941,POSITIVE,0.987581729888916,89411,not_returned,0,,0,0.00014275580178946257,0,-0.0015543748158961535,0,7.3914387030527e-05,0,-0.0003877493436448276,0,-0.0006847471231594682,0,0.000204822194064036,0,-0.00037164450623095036,0,-0.00044555941713042557,0,0.00010016003216151148,0,-2.0570716515067033e-05,0,-0.0007576619391329587,0,-8.689249079907313e-05,1,0.004826894495636225,1,0.11743555217981339,0.9961363673210144,0.011846554465591908,1,0.018819699063897133,0.9827508926391602,0.014916171319782734,1,0.06008802726864815,0.9849863052368164,-0.01572345569729805,1,0.12503941357135773,0.3199999928474426,0.007347158621996641,1,0.09382489323616028,0.005431793164461851,-0.0006990546244196594,1,0.06636881083250046,0,-0.0005214870907366276,0,-0.0008362598018720746,7,0.04501254856586456,2,0.10426419228315353,1,-0.001524483086541295,0.9334002137184143,0.1608790159225464,1,0.11011679470539093
public_source_derived_pending_human_review,Open Targets GraphQL & REST API Beta,26,09,,26,9,0,2026-09-25T14:04:47.212407Z,FINNGEN_R12_T2D,FINNGEN_R12,"Type 2 diabetes, definitions combined",GRCh38,49e73e407ba8a062c7b0a32f145233d24505dd381e675c550e5ba76267f5c821,911b5c2383e73877f5d1a394a5ed728c,16_53793567_A_G,16,53793567,1.3079999685287476,-92,SuSie,SuSiE fine-mapped credible set with in-sample LD,Study has quality control flag(s),https://platform.opentargets.org/credible-set/911b5c2383e73877f5d1a394a5ed728c,2,3,3,True,ENSG00000103494,RPGRIP1L,protein_coding,16,53598153,53703859,NEGATIVE,0.16628402471542358,89708,not_returned,0,,0,-0.0009870670037344098,0,-0.010644891299307346,0,-0.0004379822639748454,0,-0.001093055703677237,0,-0.0035475643817335367,0,-0.00012321598478592932,0,-0.002606187714263797,0,-0.003327388549223542,0,-0.0001224709121743217,0,-8.471120963804424e-05,0,-0.005959579721093178,0,-0.00021373738127294928,0.9849311709403992,-0.01508630346506834,0.9849311709403992,-0.002571654971688986,0.9826969504356384,-0.015067596919834614,0.9865084290504456,0.01185955386608839,0.9826969504356384,0.010258627124130726,0.9999451041221619,0.03880786895751953,0.9849311709403992,-0.01846589706838131,0.9999440312385559,0.0536072738468647,0.2199999988079071,-0.00040933757554739714,0.6875,0.008710059337317944,0.0037343576550483704,-0.007412363309413195,0.6875,0.0038666047621518373,0,-0.0005712042911909521,0,-0.002098966622725129,7,0.011787512339651585,2,0.05584084987640381,1,0.0002507912868168205,0,-0.004373379983007908,0,-0.0033886623568832874
public_source_derived_pending_human_review,Open Targets GraphQL & REST API Beta,26,09,,26,9,0,2026-09-25T14:04:47.212407Z,FINNGEN_R12_T2D,FINNGEN_R12,"Type 2 diabetes, definitions combined",GRCh38,49e73e407ba8a062c7b0a32f145233d24505dd381e675c550e5ba76267f5c821,911b5c2383e73877f5d1a394a5ed728c,16_53793567_A_G,16,53793567,1.3079999685287476,-92,SuSie,SuSiE fine-mapped credible set with in-sample LD,Study has quality control flag(s),https://platform.opentargets.org/credible-set/911b5c2383e73877f5d1a394a5ed728c,3,3,3,True,ENSG00000177200,CHD9,protein_coding,16,53054991,53327497,POSITIVE,0.08166446536779404,738576,not_returned,0,,0,-0.0014122549910098314,0,-0.008315647952258587,0,-0.00024372526968363672,0,-0.0010716577526181936,0,-0.0037750217597931623,0,-0.0002575598773546517,0,-0.002898207399994135,0,-0.00366404396481812,0,0.00012287843856029212,0,0.00018691208970267326,0,-0.008026446215808392,0,-0.00014701331383548677,0.7949850559234619,0.015688154846429825,0.7949850559234619,-0.011522816494107246,0.8088136315345764,0.015355562791228294,0.8119507431983948,-0.009504280053079128,0,0.012517360039055347,0,-0.0032811493147164583,0,0.004743303172290325,0,-0.022883359342813492,0.20000000298023224,-0.0010896077146753669,0.625,0.0011886385036632419,0.003394870785996318,-0.0009238523198291659,0.625,-0.001186129986308515,0,-0.0009655492031015456,0,-0.0026475766208022833,7,0.0105869360268116,2,0.04269521310925484,1,-0.001068724668584764,0,-0.00392150180414319,0,-0.0025026488583534956
public_source_derived_pending_human_review,Open Targets GraphQL & REST API Beta,26,09,,26,9,0,2026-09-25T14:04:47.212407Z,FINNGEN_R12_T2D,FINNGEN_R12,"Type 2 diabetes, definitions combined",GRCh38,49e73e407ba8a062c7b0a32f145233d24505dd381e675c550e5ba76267f5c821,f26ca97da3415b5a097fdf85b538997e,20_44354839_C_CA,20,44354839,4.919000148773193,-91,SuSie,SuSiE fine-mapped credible set with in-sample LD,Study has quality control flag(s),https://platform.opentargets.org/credible-set/f26ca97da3415b5a097fdf85b538997e,1,4,4,True,ENSG00000101076,HNF4A,protein_coding,20,44355699,44432845,POSITIVE,0.5326935052871704,860,not_returned,0,,0,-0.0010816914727911353,0,-0.0061975568532943726,0,-0.0011450954480096698,0,-0.003167073940858245,0,-0.002693291986361146,0,-0.0009487768402323127,0,-0.007465620059520006,0,-0.001671440782956779,0,-0.0004126356798224151,0,7.587794971186668e-05,0,-0.0038386289961636066,0,-0.00025547860423102975,0.9998689889907837,0.01042979396879673,1,0.13936671614646912,0.9998689889907837,-3.188037226209417e-05,1,-0.0027658052276819944,0.9998688101768494,0.014996943064033985,1,0.04749232530593872,0.9998688101768494,-0.05066785216331482,1,0.11081904172897339,0.2199999988079071,0.00023065603454597294,1,0.10907595604658127,0.2199999988079071,-0.011902435682713985,1,0.04915299639105797,0.9999933242797852,0.021179363131523132,1,0.05765840783715248,20,0.013149751350283623,9,0.002032462041825056,1,-0.0006335168145596981,0,-0.004313819110393524,0,-0.002890479750931263
public_source_derived_pending_human_review,Open Targets GraphQL & REST API Beta,26,09,,26,9,0,2026-09-25T14:04:47.212407Z,FINNGEN_R12_T2D,FINNGEN_R12,"Type 2 diabetes, definitions combined",GRCh38,49e73e407ba8a062c7b0a32f145233d24505dd381e675c550e5ba76267f5c821,f26ca97da3415b5a097fdf85b538997e,20_44354839_C_CA,20,44354839,4.919000148773193,-91,SuSie,SuSiE fine-mapped credible set with in-sample LD,Study has quality control flag(s),https://platform.opentargets.org/credible-set/f26ca97da3415b5a097fdf85b538997e,2,4,4,True,ENSG00000197296,FITM2,protein_coding,20,44302840,44311202,NEGATIVE,0.0782862976193428,43637,not_returned,0,,0,-0.0004487357218749821,0,-0.005404962692409754,0,-0.0018096859566867352,0,-0.001646097982302308,0,-0.00251690368168056,0,-0.0010283761657774448,0,-0.00551188550889492,0,-0.00233445898629725,0,-0.0006167199462652206,0,1.3558484170062002e-05,0,-0.006508153863251209,0,-0.0004628186870831996,0.993040919303894,-0.006293483078479767,0.9931710958480835,-0.0024358900263905525,0.993040919303894,-0.00450304476544261,0.9931710958480835,0.005328678060323,0.9930408000946045,0.007401532027870417,0.9931710362434387,0.01940021477639675,0.9930408000946045,-0.009661463089287281,0.9931710362434387,0.005414582788944244,0.2199999988079071,-0.005682986229658127,1,0.013420545496046543,0.2199999988079071,0.01081134844571352,1,0.009339259006083012,0,-0.0003350384649820626,0,-0.0037120806518942118,20,0.00565672991797328,9,0.009815338999032974,1,-0.00029321544570848346,0,-0.004022087901830673,0,-0.002203979529440403
public_source_derived_pending_human_review,Open Targets GraphQL & REST API Beta,26,09,,26,9,0,2026-09-25T14:04:47.212407Z,FINNGEN_R12_T2D,FINNGEN_R12,"Type 2 diabetes, definitions combined",GRCh38,49e73e407ba8a062c7b0a32f145233d24505dd381e675c550e5ba76267f5c821,f26ca97da3415b5a097fdf85b538997e,20_44354839_C_CA,20,44354839,4.919000148773193,-91,SuSie,SuSiE fine-mapped credible set with in-sample LD,Study has quality control flag(s),https://platform.opentargets.org/credible-set/f26ca97da3415b5a097fdf85b538997e,3,4,4,True,ENSG00000101074,R3HDML,protein_coding,20,44337043,44351238,POSITIVE,0.05906550586223602,17796,not_returned,0,,0,-0.0002449644380249083,0,-0.006542345974594355,0,-0.0010278187692165375,0,-0.0008691445691511035,0,-0.002705333288758993,0,-0.0008606326882727444,0,-0.00589907169342041,0,-0.0015497268177568913,0,-0.00032648193882778287,0,-0.0007364281918853521,0,-0.003209659829735756,0,-0.00020735060388687998,0.9994491934776306,-0.0044577233493328094,0.9995801448822021,0.014287219382822514,0.9994491934776306,-0.0024950667284429073,0.9995801448822021,-0.004336309619247913,0.9972382187843323,0.002189250895753503,0.997369110584259,0.0073411352932453156,0.9972382187843323,-0.006363845895975828,0.997369110584259,0.018690362572669983,0.20000000298023224,-0.009243622422218323,0.9090909361839294,0.002905243542045355,0.20000000298023224,0.00974888913333416,0.9090909361839294,0.003323386423289776,0,-0.00047419697511941195,0,-0.004438257776200771,20,0.0028302306309342384,9,0.0006594487349502742,1,-0.0006627172697335482,0,-0.003355473279953003,0,-0.0020199723076075315
public_source_derived_pending_human_review,Open Targets GraphQL & REST API Beta,26,09,,26,9,0,2026-09-25T14:04:47.212407Z,FINNGEN_R12_T2D,FINNGEN_R12,"Type 2 diabetes, definitions combined",GRCh38,49e73e407ba8a062c7b0a32f145233d24505dd381e675c550e5ba76267f5c821,f26ca97da3415b5a097fdf85b538997e,20_44354839_C_CA,20,44354839,4.919000148773193,-91,SuSie,SuSiE fine-mapped credible set with in-sample LD,Study has quality control flag(s),https://platform.opentargets.org/credible-set/f26ca97da3415b5a097fdf85b538997e,4,4,4,True,ENSG00000124194,GDAP1L1,protein_coding,20,44247308,44280947,POSITIVE,0.053869761526584625,107531,not_returned,0,,0,-0.001844216836616397,0,-0.005402000620961189,0,-0.0011481428518891335,0,-0.0019476701272651553,0,-0.002544466173276305,0,-0.0008117108372971416,0,-0.005969707854092121,0,-0.0022298248950392008,0,-0.0003157756000291556,0,0.0007394083659164608,0,-0.006485823541879654,0,-0.00015879016427788883,0.9878135323524475,-0.00335489260032773,0.9879429936408997,-0.0024744397960603237,0.9878135323524475,-0.007601750083267689,0.9879429936408997,0.006270790006965399,0.9815467596054077,0.0067064096219837666,0.9816755652427673,-0.00368153746239841,0.9815467596054077,0.0012011913349851966,0.9816755652427673,0.0051937284879386425,0.20000000298023224,-0.006538848392665386,0.9090909361839294,0.008653474040329456,0.20000000298023224,0.010069577023386955,0.9090909361839294,0.005048902705311775,0,-0.0011698349844664335,0,-0.0037776129320263863,20,0.0032645731698721647,9,0.009547756984829903,1,-2.0611672880477272e-05,0,-0.002821516478434205,0,-0.0016433988930657506
public_source_derived_pending_human_review,Open Targets GraphQL & REST API Beta,26,09,,26,9,0,2026-09-25T14:04:47.212407Z,FINNGEN_R12_T2D,FINNGEN_R12,"Type 2 diabetes, definitions combined",GRCh38,49e73e407ba8a062c7b0a32f145233d24505dd381e675c550e5ba76267f5c821,8b114fb0fc75e8f34eece8cee51dd41f,6_20703721_A_G,6,20703721,2.4809999465942383,-83,SuSie,SuSiE fine-mapped credible set with in-sample LD,Study has quality control flag(s),https://platform.opentargets.org/credible-set/8b114fb0fc75e8f34eece8cee51dd41f,1,1,1,True,ENSG00000145996,CDKAL1,protein_coding,6,20534457,21232404,POSITIVE,0.9386451840400696,169264,present,2,0.9855721010213954,0.061082806438207626,0.027755003422498703,0,-0.001297026057727635,0.017526600509881973,0.0016382684698328376,0.985572099685669,0.026949746534228325,0,-0.00043434734106995165,0.94952392578125,0.006144859362393618,1,0.06832799315452576,0,-0.0002471253101248294,1,0.008964549750089645,1,0.0003578592441044748,0,-0.0003295798087492585,1,0.003401725087314844,1,0.00011268348316662014,1,0.10566570609807968,0.9999381899833679,0.02960384637117386,1,0.00034618988865986466,0.9718600511550903,-0.0011583073064684868,1,0.06850407272577286,0.9685052037239075,0.007468441966921091,1,0.1344548761844635,0.3199999928474426,0.008872115053236485,1,0.08678587526082993,0.053290095180273056,-0.002658192301169038,1,0.04936305806040764,0,-0.00044021717621944845,0,-0.0026030384469777346,5,0.03795705363154411,1,0.1554713100194931,1,-0.0017228617798537016,0,-0.007257338147610426,0,-0.0041312347166240215
