record_status,source_platform_name,source_data_version_year,source_data_version_month,source_data_version_iteration,source_api_version_x,source_api_version_y,source_api_version_z,source_retrieved_utc,source_study_id,source_project_id,source_trait,coordinate_build,source_evidence_sha256,study_locus_id,lead_variant_id,locus_chromosome,locus_position,locus_p_value_mantissa,locus_p_value_exponent,locus_finemapping_method,locus_confidence,source_quality_controls,source_url,source_row_number_within_locus,source_reported_count,source_fetched_count,source_collection_complete,colocalisation_study_locus_id,other_study_locus_id,qtl_gene_id,qtl_study_id,qtl_study_type,right_study_type,qtl_target_gene_id,qtl_target_gene_symbol,biosample_id,biosample_name,colocalisation_method,h3,h4,clpp,number_colocalising_variants,beta_ratio_sign_average
public_source_derived_pending_human_review,Open Targets GraphQL & REST API Beta,26,09,,26,9,0,2026-09-25T14:04:47.212407Z,FINNGEN_R12_T2D,FINNGEN_R12,"Type 2 diabetes, definitions combined",GRCh38,49e73e407ba8a062c7b0a32f145233d24505dd381e675c550e5ba76267f5c821,25c86693e33ae778acf27c3255c2925f,12_4275678_T_G,12,4275678,2.138000011444092,-145,SuSie,SuSiE fine-mapped credible set with in-sample LD,Study has quality control flag(s),https://platform.opentargets.org/credible-set/25c86693e33ae778acf27c3255c2925f,1,38,38,True,25c86693e33ae778acf27c3255c2925f,a066136a3483b37e861c003e91bb2e7c,,gtex-v10_exon_brain_putamen_ensg00000255920_4_12_4248794_4249190,eqtl,eqtl,ENSG00000255920,CCND2-AS1,UBERON_0001874,putamen,COLOC_PIP_ECAVIAR,0.0,1.0,0.9999999997767055,1,-1
public_source_derived_pending_human_review,Open Targets GraphQL & REST API Beta,26,09,,26,9,0,2026-09-25T14:04:47.212407Z,FINNGEN_R12_T2D,FINNGEN_R12,"Type 2 diabetes, definitions combined",GRCh38,49e73e407ba8a062c7b0a32f145233d24505dd381e675c550e5ba76267f5c821,25c86693e33ae778acf27c3255c2925f,12_4275678_T_G,12,4275678,2.138000011444092,-145,SuSie,SuSiE fine-mapped credible set with in-sample LD,Study has quality control flag(s),https://platform.opentargets.org/credible-set/25c86693e33ae778acf27c3255c2925f,2,38,38,True,25c86693e33ae778acf27c3255c2925f,f172cdaaa43cd0cb91710472cf9457ba,,gtex-v10_ge_brain_anterior_cingulate_cortex_ensg00000255920,eqtl,eqtl,ENSG00000255920,CCND2-AS1,UBERON_0009835,anterior cingulate cortex,COLOC_PIP_ECAVIAR,0.0,1.0,0.9999554716313603,1,-1
public_source_derived_pending_human_review,Open Targets GraphQL & REST API Beta,26,09,,26,9,0,2026-09-25T14:04:47.212407Z,FINNGEN_R12_T2D,FINNGEN_R12,"Type 2 diabetes, definitions combined",GRCh38,49e73e407ba8a062c7b0a32f145233d24505dd381e675c550e5ba76267f5c821,25c86693e33ae778acf27c3255c2925f,12_4275678_T_G,12,4275678,2.138000011444092,-145,SuSie,SuSiE fine-mapped credible set with in-sample LD,Study has quality control flag(s),https://platform.opentargets.org/credible-set/25c86693e33ae778acf27c3255c2925f,3,38,38,True,25c86693e33ae778acf27c3255c2925f,653a6d30cd2838e036def3de4ca543a0,,UKB_PPP_EUR_GRP_P07492_OID30264_v1,pqtl,pqtl,ENSG00000134443,GRP,UBERON_0001969,blood plasma,COLOC_PIP_ECAVIAR,0.0,1.0,0.9999938168906388,1,-1
public_source_derived_pending_human_review,Open Targets GraphQL & REST API Beta,26,09,,26,9,0,2026-09-25T14:04:47.212407Z,FINNGEN_R12_T2D,FINNGEN_R12,"Type 2 diabetes, definitions combined",GRCh38,49e73e407ba8a062c7b0a32f145233d24505dd381e675c550e5ba76267f5c821,25c86693e33ae778acf27c3255c2925f,12_4275678_T_G,12,4275678,2.138000011444092,-145,SuSie,SuSiE fine-mapped credible set with in-sample LD,Study has quality control flag(s),https://platform.opentargets.org/credible-set/25c86693e33ae778acf27c3255c2925f,4,38,38,True,25c86693e33ae778acf27c3255c2925f,4719bfa2e7284370293034d9710b9906,,gtex-v10_ge_lung_ensg00000255920,eqtl,eqtl,ENSG00000255920,CCND2-AS1,UBERON_0008952,upper lobe of left lung,COLOC_PIP_ECAVIAR,0.0,1.0,0.9999997391533259,1,-1
public_source_derived_pending_human_review,Open Targets GraphQL & REST API Beta,26,09,,26,9,0,2026-09-25T14:04:47.212407Z,FINNGEN_R12_T2D,FINNGEN_R12,"Type 2 diabetes, definitions combined",GRCh38,49e73e407ba8a062c7b0a32f145233d24505dd381e675c550e5ba76267f5c821,25c86693e33ae778acf27c3255c2925f,12_4275678_T_G,12,4275678,2.138000011444092,-145,SuSie,SuSiE fine-mapped credible set with in-sample LD,Study has quality control flag(s),https://platform.opentargets.org/credible-set/25c86693e33ae778acf27c3255c2925f,5,38,38,True,25c86693e33ae778acf27c3255c2925f,97b176b158bdc501b1101e85f857231c,,gtex-v10_ge_adipose_subcutaneous_ensg00000118971,eqtl,eqtl,ENSG00000118971,CCND2,UBERON_0001013,adipose tissue,COLOC_PIP_ECAVIAR,0.0,1.0,0.9999999999692013,1,-1
public_source_derived_pending_human_review,Open Targets GraphQL & REST API Beta,26,09,,26,9,0,2026-09-25T14:04:47.212407Z,FINNGEN_R12_T2D,FINNGEN_R12,"Type 2 diabetes, definitions combined",GRCh38,49e73e407ba8a062c7b0a32f145233d24505dd381e675c550e5ba76267f5c821,25c86693e33ae778acf27c3255c2925f,12_4275678_T_G,12,4275678,2.138000011444092,-145,SuSie,SuSiE fine-mapped credible set with in-sample LD,Study has quality control flag(s),https://platform.opentargets.org/credible-set/25c86693e33ae778acf27c3255c2925f,6,38,38,True,25c86693e33ae778acf27c3255c2925f,1f371f6974a51a74d8583bbd5a45954d,,gtex-v10_ge_skin_not_sun_exposed_ensg00000255920,eqtl,eqtl,ENSG00000255920,CCND2-AS1,UBERON_0036149,suprapubic skin,COLOC_PIP_ECAVIAR,0.0,1.0,0.999998121277915,1,-1
public_source_derived_pending_human_review,Open Targets GraphQL & REST API Beta,26,09,,26,9,0,2026-09-25T14:04:47.212407Z,FINNGEN_R12_T2D,FINNGEN_R12,"Type 2 diabetes, definitions combined",GRCh38,49e73e407ba8a062c7b0a32f145233d24505dd381e675c550e5ba76267f5c821,25c86693e33ae778acf27c3255c2925f,12_4275678_T_G,12,4275678,2.138000011444092,-145,SuSie,SuSiE fine-mapped credible set with in-sample LD,Study has quality control flag(s),https://platform.opentargets.org/credible-set/25c86693e33ae778acf27c3255c2925f,7,38,38,True,25c86693e33ae778acf27c3255c2925f,2a9e290a1fa8f0392b08632e9df37d0d,,gtex-v10_ge_artery_tibial_ensg00000255920,eqtl,eqtl,ENSG00000255920,CCND2-AS1,UBERON_0007610,tibial artery,COLOC_PIP_ECAVIAR,0.0,1.0,0.9996883985846556,1,-1
public_source_derived_pending_human_review,Open Targets GraphQL & REST API Beta,26,09,,26,9,0,2026-09-25T14:04:47.212407Z,FINNGEN_R12_T2D,FINNGEN_R12,"Type 2 diabetes, definitions combined",GRCh38,49e73e407ba8a062c7b0a32f145233d24505dd381e675c550e5ba76267f5c821,25c86693e33ae778acf27c3255c2925f,12_4275678_T_G,12,4275678,2.138000011444092,-145,SuSie,SuSiE fine-mapped credible set with in-sample LD,Study has quality control flag(s),https://platform.opentargets.org/credible-set/25c86693e33ae778acf27c3255c2925f,8,38,38,True,25c86693e33ae778acf27c3255c2925f,d6a2b4b808a041d83077f356c3ed0f69,,gtex-v10_ge_brain_cerebellum_ensg00000118971,eqtl,eqtl,ENSG00000118971,CCND2,UBERON_0002037,cerebellum,COLOC_PIP_ECAVIAR,0.0,1.0,1.0,1,-1
public_source_derived_pending_human_review,Open Targets GraphQL & REST API Beta,26,09,,26,9,0,2026-09-25T14:04:47.212407Z,FINNGEN_R12_T2D,FINNGEN_R12,"Type 2 diabetes, definitions combined",GRCh38,49e73e407ba8a062c7b0a32f145233d24505dd381e675c550e5ba76267f5c821,25c86693e33ae778acf27c3255c2925f,12_4275678_T_G,12,4275678,2.138000011444092,-145,SuSie,SuSiE fine-mapped credible set with in-sample LD,Study has quality control flag(s),https://platform.opentargets.org/credible-set/25c86693e33ae778acf27c3255c2925f,9,38,38,True,25c86693e33ae778acf27c3255c2925f,d33defcbebf3857e01808977b66fed40,,gtex-v10_ge_brain_cerebellar_hemisphere_ensg00000255920,eqtl,eqtl,ENSG00000255920,CCND2-AS1,UBERON_0002037,cerebellum,COLOC_PIP_ECAVIAR,0.0,1.0,1.0,1,-1
public_source_derived_pending_human_review,Open Targets GraphQL & REST API Beta,26,09,,26,9,0,2026-09-25T14:04:47.212407Z,FINNGEN_R12_T2D,FINNGEN_R12,"Type 2 diabetes, definitions combined",GRCh38,49e73e407ba8a062c7b0a32f145233d24505dd381e675c550e5ba76267f5c821,25c86693e33ae778acf27c3255c2925f,12_4275678_T_G,12,4275678,2.138000011444092,-145,SuSie,SuSiE fine-mapped credible set with in-sample LD,Study has quality control flag(s),https://platform.opentargets.org/credible-set/25c86693e33ae778acf27c3255c2925f,10,38,38,True,25c86693e33ae778acf27c3255c2925f,72852994d162aedfb372f8d5181aea3c,,gtex-v10_ge_fibroblast_ensg00000118971,eqtl,eqtl,ENSG00000118971,CCND2,CL_0000057,fibroblast,COLOC_PIP_ECAVIAR,0.0,1.0,0.9999984538349175,1,-1
public_source_derived_pending_human_review,Open Targets GraphQL & REST API Beta,26,09,,26,9,0,2026-09-25T14:04:47.212407Z,FINNGEN_R12_T2D,FINNGEN_R12,"Type 2 diabetes, definitions combined",GRCh38,49e73e407ba8a062c7b0a32f145233d24505dd381e675c550e5ba76267f5c821,25c86693e33ae778acf27c3255c2925f,12_4275678_T_G,12,4275678,2.138000011444092,-145,SuSie,SuSiE fine-mapped credible set with in-sample LD,Study has quality control flag(s),https://platform.opentargets.org/credible-set/25c86693e33ae778acf27c3255c2925f,11,38,38,True,25c86693e33ae778acf27c3255c2925f,62b73587c61eacdffb50480ba350b60b,,gtex-v10_ge_brain_amygdala_ensg00000255920,eqtl,eqtl,ENSG00000255920,CCND2-AS1,UBERON_0001876,amygdala,COLOC_PIP_ECAVIAR,0.0,1.0,0.9999949142906762,1,-1
public_source_derived_pending_human_review,Open Targets GraphQL & REST API Beta,26,09,,26,9,0,2026-09-25T14:04:47.212407Z,FINNGEN_R12_T2D,FINNGEN_R12,"Type 2 diabetes, definitions combined",GRCh38,49e73e407ba8a062c7b0a32f145233d24505dd381e675c550e5ba76267f5c821,25c86693e33ae778acf27c3255c2925f,12_4275678_T_G,12,4275678,2.138000011444092,-145,SuSie,SuSiE fine-mapped credible set with in-sample LD,Study has quality control flag(s),https://platform.opentargets.org/credible-set/25c86693e33ae778acf27c3255c2925f,12,38,38,True,25c86693e33ae778acf27c3255c2925f,42abf7ef4b25cf8ab99b202e9c9b6af1,,gtex-v10_exon_brain_hypothalamus_ensg00000255920_4_12_4248794_4249190,eqtl,eqtl,ENSG00000255920,CCND2-AS1,UBERON_0001898,hypothalamus,COLOC_PIP_ECAVIAR,0.0,1.0,0.9999999936016368,1,-1
public_source_derived_pending_human_review,Open Targets GraphQL & REST API Beta,26,09,,26,9,0,2026-09-25T14:04:47.212407Z,FINNGEN_R12_T2D,FINNGEN_R12,"Type 2 diabetes, definitions combined",GRCh38,49e73e407ba8a062c7b0a32f145233d24505dd381e675c550e5ba76267f5c821,25c86693e33ae778acf27c3255c2925f,12_4275678_T_G,12,4275678,2.138000011444092,-145,SuSie,SuSiE fine-mapped credible set with in-sample LD,Study has quality control flag(s),https://platform.opentargets.org/credible-set/25c86693e33ae778acf27c3255c2925f,13,38,38,True,25c86693e33ae778acf27c3255c2925f,917d98b91c5646c691544f837158a677,,gtex-v10_majiq_brain_cerebellum_ensg00000255920_t_4247981-4249193_4249190-4251440,sqtl,sqtl,ENSG00000255920,CCND2-AS1,UBERON_0002037,cerebellum,COLOC_PIP_ECAVIAR,0.0,1.0,1.0,1,1
public_source_derived_pending_human_review,Open Targets GraphQL & REST API Beta,26,09,,26,9,0,2026-09-25T14:04:47.212407Z,FINNGEN_R12_T2D,FINNGEN_R12,"Type 2 diabetes, definitions combined",GRCh38,49e73e407ba8a062c7b0a32f145233d24505dd381e675c550e5ba76267f5c821,25c86693e33ae778acf27c3255c2925f,12_4275678_T_G,12,4275678,2.138000011444092,-145,SuSie,SuSiE fine-mapped credible set with in-sample LD,Study has quality control flag(s),https://platform.opentargets.org/credible-set/25c86693e33ae778acf27c3255c2925f,14,38,38,True,25c86693e33ae778acf27c3255c2925f,f477bcb59406d290f0835b73423563a7,,gtex-v10_ge_brain_cortex_ensg00000255920,eqtl,eqtl,ENSG00000255920,CCND2-AS1,UBERON_0001870,frontal cortex,COLOC_PIP_ECAVIAR,0.0,1.0,0.9999999653263371,1,-1
public_source_derived_pending_human_review,Open Targets GraphQL & REST API Beta,26,09,,26,9,0,2026-09-25T14:04:47.212407Z,FINNGEN_R12_T2D,FINNGEN_R12,"Type 2 diabetes, definitions combined",GRCh38,49e73e407ba8a062c7b0a32f145233d24505dd381e675c550e5ba76267f5c821,25c86693e33ae778acf27c3255c2925f,12_4275678_T_G,12,4275678,2.138000011444092,-145,SuSie,SuSiE fine-mapped credible set with in-sample LD,Study has quality control flag(s),https://platform.opentargets.org/credible-set/25c86693e33ae778acf27c3255c2925f,15,38,38,True,25c86693e33ae778acf27c3255c2925f,6dc1b35577e22a9f57356cc23df2ae57,,gtex-v10_ge_esophagus_gej_ensg00000255920,eqtl,eqtl,ENSG00000255920,CCND2-AS1,UBERON_0004550,gastroesophageal sphincter,COLOC_PIP_ECAVIAR,0.0,1.0,0.9971752136885942,1,-1
public_source_derived_pending_human_review,Open Targets GraphQL & REST API Beta,26,09,,26,9,0,2026-09-25T14:04:47.212407Z,FINNGEN_R12_T2D,FINNGEN_R12,"Type 2 diabetes, definitions combined",GRCh38,49e73e407ba8a062c7b0a32f145233d24505dd381e675c550e5ba76267f5c821,25c86693e33ae778acf27c3255c2925f,12_4275678_T_G,12,4275678,2.138000011444092,-145,SuSie,SuSiE fine-mapped credible set with in-sample LD,Study has quality control flag(s),https://platform.opentargets.org/credible-set/25c86693e33ae778acf27c3255c2925f,16,38,38,True,25c86693e33ae778acf27c3255c2925f,08919b01bb56a097caad92d1a03959b3,,gtex-v10_ge_artery_tibial_ensg00000118971,eqtl,eqtl,ENSG00000118971,CCND2,UBERON_0007610,tibial artery,COLOC_PIP_ECAVIAR,0.0,1.0,0.9999999971130185,1,-1
public_source_derived_pending_human_review,Open Targets GraphQL & REST API Beta,26,09,,26,9,0,2026-09-25T14:04:47.212407Z,FINNGEN_R12_T2D,FINNGEN_R12,"Type 2 diabetes, definitions combined",GRCh38,49e73e407ba8a062c7b0a32f145233d24505dd381e675c550e5ba76267f5c821,25c86693e33ae778acf27c3255c2925f,12_4275678_T_G,12,4275678,2.138000011444092,-145,SuSie,SuSiE fine-mapped credible set with in-sample LD,Study has quality control flag(s),https://platform.opentargets.org/credible-set/25c86693e33ae778acf27c3255c2925f,17,38,38,True,25c86693e33ae778acf27c3255c2925f,e6cc87c43a7bf0df23fb173f17778f93,,gtex-v10_ge_skin_sun_exposed_ensg00000118971,eqtl,eqtl,ENSG00000118971,CCND2,UBERON_0002097,skin of body,COLOC_PIP_ECAVIAR,0.0,1.0,0.9836718659053356,1,-1
public_source_derived_pending_human_review,Open Targets GraphQL & REST API Beta,26,09,,26,9,0,2026-09-25T14:04:47.212407Z,FINNGEN_R12_T2D,FINNGEN_R12,"Type 2 diabetes, definitions combined",GRCh38,49e73e407ba8a062c7b0a32f145233d24505dd381e675c550e5ba76267f5c821,25c86693e33ae778acf27c3255c2925f,12_4275678_T_G,12,4275678,2.138000011444092,-145,SuSie,SuSiE fine-mapped credible set with in-sample LD,Study has quality control flag(s),https://platform.opentargets.org/credible-set/25c86693e33ae778acf27c3255c2925f,18,38,38,True,25c86693e33ae778acf27c3255c2925f,0ba931f86e39df23da59a86af6c75b2f,,gtex-v10_ge_brain_nucleus_accumbens_ensg00000255920,eqtl,eqtl,ENSG00000255920,CCND2-AS1,UBERON_0001882,nucleus accumbens,COLOC_PIP_ECAVIAR,0.0,1.0,0.9999997873258691,1,-1
public_source_derived_pending_human_review,Open Targets GraphQL & REST API Beta,26,09,,26,9,0,2026-09-25T14:04:47.212407Z,FINNGEN_R12_T2D,FINNGEN_R12,"Type 2 diabetes, definitions combined",GRCh38,49e73e407ba8a062c7b0a32f145233d24505dd381e675c550e5ba76267f5c821,25c86693e33ae778acf27c3255c2925f,12_4275678_T_G,12,4275678,2.138000011444092,-145,SuSie,SuSiE fine-mapped credible set with in-sample LD,Study has quality control flag(s),https://platform.opentargets.org/credible-set/25c86693e33ae778acf27c3255c2925f,19,38,38,True,25c86693e33ae778acf27c3255c2925f,f9c325432da6375b9dc9997e4c4a0076,,gtex-v10_ge_brain_cerebellum_ensg00000255920,eqtl,eqtl,ENSG00000255920,CCND2-AS1,UBERON_0002037,cerebellum,COLOC_PIP_ECAVIAR,0.0,1.0,1.0,1,-1
public_source_derived_pending_human_review,Open Targets GraphQL & REST API Beta,26,09,,26,9,0,2026-09-25T14:04:47.212407Z,FINNGEN_R12_T2D,FINNGEN_R12,"Type 2 diabetes, definitions combined",GRCh38,49e73e407ba8a062c7b0a32f145233d24505dd381e675c550e5ba76267f5c821,25c86693e33ae778acf27c3255c2925f,12_4275678_T_G,12,4275678,2.138000011444092,-145,SuSie,SuSiE fine-mapped credible set with in-sample LD,Study has quality control flag(s),https://platform.opentargets.org/credible-set/25c86693e33ae778acf27c3255c2925f,20,38,38,True,25c86693e33ae778acf27c3255c2925f,fda61f1fd3934b68461cee98f96eb2e5,,gtex-v10_ge_nerve_tibial_ensg00000118971,eqtl,eqtl,ENSG00000118971,CCND2,UBERON_0001323,tibial nerve,COLOC_PIP_ECAVIAR,0.0,1.0,0.9999990144224614,1,-1
public_source_derived_pending_human_review,Open Targets GraphQL & REST API Beta,26,09,,26,9,0,2026-09-25T14:04:47.212407Z,FINNGEN_R12_T2D,FINNGEN_R12,"Type 2 diabetes, definitions combined",GRCh38,49e73e407ba8a062c7b0a32f145233d24505dd381e675c550e5ba76267f5c821,25c86693e33ae778acf27c3255c2925f,12_4275678_T_G,12,4275678,2.138000011444092,-145,SuSie,SuSiE fine-mapped credible set with in-sample LD,Study has quality control flag(s),https://platform.opentargets.org/credible-set/25c86693e33ae778acf27c3255c2925f,21,38,38,True,25c86693e33ae778acf27c3255c2925f,3ece9813101f722ffb73fe08d8ab1e35,,gtex-v10_ge_brain_caudate_ensg00000255920,eqtl,eqtl,ENSG00000255920,CCND2-AS1,UBERON_0001873,caudate nucleus,COLOC_PIP_ECAVIAR,0.0,1.0,0.9999999999300191,1,-1
public_source_derived_pending_human_review,Open Targets GraphQL & REST API Beta,26,09,,26,9,0,2026-09-25T14:04:47.212407Z,FINNGEN_R12_T2D,FINNGEN_R12,"Type 2 diabetes, definitions combined",GRCh38,49e73e407ba8a062c7b0a32f145233d24505dd381e675c550e5ba76267f5c821,25c86693e33ae778acf27c3255c2925f,12_4275678_T_G,12,4275678,2.138000011444092,-145,SuSie,SuSiE fine-mapped credible set with in-sample LD,Study has quality control flag(s),https://platform.opentargets.org/credible-set/25c86693e33ae778acf27c3255c2925f,22,38,38,True,25c86693e33ae778acf27c3255c2925f,9d8e4b6fc081a3bcdbcfb28b384f2208,,gtex-v10_ge_nerve_tibial_ensg00000255920,eqtl,eqtl,ENSG00000255920,CCND2-AS1,UBERON_0001323,tibial nerve,COLOC_PIP_ECAVIAR,0.0,1.0,0.9999999722319847,1,-1
public_source_derived_pending_human_review,Open Targets GraphQL & REST API Beta,26,09,,26,9,0,2026-09-25T14:04:47.212407Z,FINNGEN_R12_T2D,FINNGEN_R12,"Type 2 diabetes, definitions combined",GRCh38,49e73e407ba8a062c7b0a32f145233d24505dd381e675c550e5ba76267f5c821,25c86693e33ae778acf27c3255c2925f,12_4275678_T_G,12,4275678,2.138000011444092,-145,SuSie,SuSiE fine-mapped credible set with in-sample LD,Study has quality control flag(s),https://platform.opentargets.org/credible-set/25c86693e33ae778acf27c3255c2925f,23,38,38,True,25c86693e33ae778acf27c3255c2925f,65d69ee6cb2f05b4e16eccfcec8fd75e,,gtex-v10_ge_lung_ensg00000118971,eqtl,eqtl,ENSG00000118971,CCND2,UBERON_0008952,upper lobe of left lung,COLOC_PIP_ECAVIAR,0.0,1.0,0.999922655319176,1,-1
public_source_derived_pending_human_review,Open Targets GraphQL & REST API Beta,26,09,,26,9,0,2026-09-25T14:04:47.212407Z,FINNGEN_R12_T2D,FINNGEN_R12,"Type 2 diabetes, definitions combined",GRCh38,49e73e407ba8a062c7b0a32f145233d24505dd381e675c550e5ba76267f5c821,25c86693e33ae778acf27c3255c2925f,12_4275678_T_G,12,4275678,2.138000011444092,-145,SuSie,SuSiE fine-mapped credible set with in-sample LD,Study has quality control flag(s),https://platform.opentargets.org/credible-set/25c86693e33ae778acf27c3255c2925f,24,38,38,True,25c86693e33ae778acf27c3255c2925f,f139c631ad53e3d42665ba2110077491,,gtex-v10_ge_artery_aorta_ensg00000255920,eqtl,eqtl,ENSG00000255920,CCND2-AS1,UBERON_0001496,ascending aorta,COLOC_PIP_ECAVIAR,0.0,1.0,0.9999792585947099,1,-1
public_source_derived_pending_human_review,Open Targets GraphQL & REST API Beta,26,09,,26,9,0,2026-09-25T14:04:47.212407Z,FINNGEN_R12_T2D,FINNGEN_R12,"Type 2 diabetes, definitions combined",GRCh38,49e73e407ba8a062c7b0a32f145233d24505dd381e675c550e5ba76267f5c821,25c86693e33ae778acf27c3255c2925f,12_4275678_T_G,12,4275678,2.138000011444092,-145,SuSie,SuSiE fine-mapped credible set with in-sample LD,Study has quality control flag(s),https://platform.opentargets.org/credible-set/25c86693e33ae778acf27c3255c2925f,25,38,38,True,25c86693e33ae778acf27c3255c2925f,371731b33263df7e52bc2a0a8785e201,,gtex-v10_ge_fibroblast_ensg00000255920,eqtl,eqtl,ENSG00000255920,CCND2-AS1,CL_0000057,fibroblast,COLOC_PIP_ECAVIAR,0.0,1.0,0.9999999999999688,1,-1
public_source_derived_pending_human_review,Open Targets GraphQL & REST API Beta,26,09,,26,9,0,2026-09-25T14:04:47.212407Z,FINNGEN_R12_T2D,FINNGEN_R12,"Type 2 diabetes, definitions combined",GRCh38,49e73e407ba8a062c7b0a32f145233d24505dd381e675c550e5ba76267f5c821,25c86693e33ae778acf27c3255c2925f,12_4275678_T_G,12,4275678,2.138000011444092,-145,SuSie,SuSiE fine-mapped credible set with in-sample LD,Study has quality control flag(s),https://platform.opentargets.org/credible-set/25c86693e33ae778acf27c3255c2925f,26,38,38,True,25c86693e33ae778acf27c3255c2925f,c66d41f7a340696c9ce436de1966fbb6,,gtex-v10_ge_adipose_subcutaneous_ensg00000255920,eqtl,eqtl,ENSG00000255920,CCND2-AS1,UBERON_0001013,adipose tissue,COLOC_PIP_ECAVIAR,0.0,1.0,0.9999999676056671,1,-1
public_source_derived_pending_human_review,Open Targets GraphQL & REST API Beta,26,09,,26,9,0,2026-09-25T14:04:47.212407Z,FINNGEN_R12_T2D,FINNGEN_R12,"Type 2 diabetes, definitions combined",GRCh38,49e73e407ba8a062c7b0a32f145233d24505dd381e675c550e5ba76267f5c821,25c86693e33ae778acf27c3255c2925f,12_4275678_T_G,12,4275678,2.138000011444092,-145,SuSie,SuSiE fine-mapped credible set with in-sample LD,Study has quality control flag(s),https://platform.opentargets.org/credible-set/25c86693e33ae778acf27c3255c2925f,27,38,38,True,25c86693e33ae778acf27c3255c2925f,83625bd0e1727dbbf05dd051a4180b15,,gtex-v10_ge_brain_hypothalamus_ensg00000255920,eqtl,eqtl,ENSG00000255920,CCND2-AS1,UBERON_0001898,hypothalamus,COLOC_PIP_ECAVIAR,0.0,1.0,0.9999999999724207,1,-1
public_source_derived_pending_human_review,Open Targets GraphQL & REST API Beta,26,09,,26,9,0,2026-09-25T14:04:47.212407Z,FINNGEN_R12_T2D,FINNGEN_R12,"Type 2 diabetes, definitions combined",GRCh38,49e73e407ba8a062c7b0a32f145233d24505dd381e675c550e5ba76267f5c821,25c86693e33ae778acf27c3255c2925f,12_4275678_T_G,12,4275678,2.138000011444092,-145,SuSie,SuSiE fine-mapped credible set with in-sample LD,Study has quality control flag(s),https://platform.opentargets.org/credible-set/25c86693e33ae778acf27c3255c2925f,28,38,38,True,25c86693e33ae778acf27c3255c2925f,a2191b956588f52d78a513fc815e1e39,,gtex-v10_ge_brain_cerebellar_hemisphere_ensg00000118971,eqtl,eqtl,ENSG00000118971,CCND2,UBERON_0002037,cerebellum,COLOC_PIP_ECAVIAR,0.0,1.0,1.0,1,-1
public_source_derived_pending_human_review,Open Targets GraphQL & REST API Beta,26,09,,26,9,0,2026-09-25T14:04:47.212407Z,FINNGEN_R12_T2D,FINNGEN_R12,"Type 2 diabetes, definitions combined",GRCh38,49e73e407ba8a062c7b0a32f145233d24505dd381e675c550e5ba76267f5c821,25c86693e33ae778acf27c3255c2925f,12_4275678_T_G,12,4275678,2.138000011444092,-145,SuSie,SuSiE fine-mapped credible set with in-sample LD,Study has quality control flag(s),https://platform.opentargets.org/credible-set/25c86693e33ae778acf27c3255c2925f,29,38,38,True,25c86693e33ae778acf27c3255c2925f,9d9eb1ced8374a5dbe701f43d98ae397,,gtex-v10_majiq_brain_cerebellar_hemisphere_ensg00000255920_t_4247981-4249193_4249190-4251440,sqtl,sqtl,ENSG00000255920,CCND2-AS1,UBERON_0002037,cerebellum,COLOC_PIP_ECAVIAR,0.0,1.0,1.0,1,1
public_source_derived_pending_human_review,Open Targets GraphQL & REST API Beta,26,09,,26,9,0,2026-09-25T14:04:47.212407Z,FINNGEN_R12_T2D,FINNGEN_R12,"Type 2 diabetes, definitions combined",GRCh38,49e73e407ba8a062c7b0a32f145233d24505dd381e675c550e5ba76267f5c821,25c86693e33ae778acf27c3255c2925f,12_4275678_T_G,12,4275678,2.138000011444092,-145,SuSie,SuSiE fine-mapped credible set with in-sample LD,Study has quality control flag(s),https://platform.opentargets.org/credible-set/25c86693e33ae778acf27c3255c2925f,30,38,38,True,25c86693e33ae778acf27c3255c2925f,d617c5f58759bb81f11a8de88e3e82f6,,gtex-v10_majiq_adipose_subcutaneous_ensg00000118971_s_4278668-4278919_4278919-4297757,sqtl,sqtl,ENSG00000118971,CCND2,UBERON_0001013,adipose tissue,COLOC_PIP_ECAVIAR,0.0,1.0,0.9920267185351698,1,1
public_source_derived_pending_human_review,Open Targets GraphQL & REST API Beta,26,09,,26,9,0,2026-09-25T14:04:47.212407Z,FINNGEN_R12_T2D,FINNGEN_R12,"Type 2 diabetes, definitions combined",GRCh38,49e73e407ba8a062c7b0a32f145233d24505dd381e675c550e5ba76267f5c821,25c86693e33ae778acf27c3255c2925f,12_4275678_T_G,12,4275678,2.138000011444092,-145,SuSie,SuSiE fine-mapped credible set with in-sample LD,Study has quality control flag(s),https://platform.opentargets.org/credible-set/25c86693e33ae778acf27c3255c2925f,31,38,38,True,25c86693e33ae778acf27c3255c2925f,a0d329e747ecb7f390558675f78042ea,,gtex-v10_ge_brain_frontal_cortex_ensg00000255920,eqtl,eqtl,ENSG00000255920,CCND2-AS1,UBERON_0009834,dorsolateral prefrontal cortex,COLOC_PIP_ECAVIAR,0.0,1.0,0.9999999524777308,1,-1
public_source_derived_pending_human_review,Open Targets GraphQL & REST API Beta,26,09,,26,9,0,2026-09-25T14:04:47.212407Z,FINNGEN_R12_T2D,FINNGEN_R12,"Type 2 diabetes, definitions combined",GRCh38,49e73e407ba8a062c7b0a32f145233d24505dd381e675c550e5ba76267f5c821,25c86693e33ae778acf27c3255c2925f,12_4275678_T_G,12,4275678,2.138000011444092,-145,SuSie,SuSiE fine-mapped credible set with in-sample LD,Study has quality control flag(s),https://platform.opentargets.org/credible-set/25c86693e33ae778acf27c3255c2925f,32,38,38,True,25c86693e33ae778acf27c3255c2925f,308532644bf14eabd63903ddf9072129,,gtex-v10_ge_muscle_ensg00000118971,eqtl,eqtl,ENSG00000118971,CCND2,UBERON_0001134,skeletal muscle tissue,COLOC_PIP_ECAVIAR,0.0,1.0,0.9999993946161064,1,-1
public_source_derived_pending_human_review,Open Targets GraphQL & REST API Beta,26,09,,26,9,0,2026-09-25T14:04:47.212407Z,FINNGEN_R12_T2D,FINNGEN_R12,"Type 2 diabetes, definitions combined",GRCh38,49e73e407ba8a062c7b0a32f145233d24505dd381e675c550e5ba76267f5c821,25c86693e33ae778acf27c3255c2925f,12_4275678_T_G,12,4275678,2.138000011444092,-145,SuSie,SuSiE fine-mapped credible set with in-sample LD,Study has quality control flag(s),https://platform.opentargets.org/credible-set/25c86693e33ae778acf27c3255c2925f,33,38,38,True,25c86693e33ae778acf27c3255c2925f,0ea3de858153c686adc1bf80e6545af1,,gtex-v10_ge_skin_sun_exposed_ensg00000255920,eqtl,eqtl,ENSG00000255920,CCND2-AS1,UBERON_0002097,skin of body,COLOC_PIP_ECAVIAR,0.0,1.0,0.9999999556469794,1,-1
public_source_derived_pending_human_review,Open Targets GraphQL & REST API Beta,26,09,,26,9,0,2026-09-25T14:04:47.212407Z,FINNGEN_R12_T2D,FINNGEN_R12,"Type 2 diabetes, definitions combined",GRCh38,49e73e407ba8a062c7b0a32f145233d24505dd381e675c550e5ba76267f5c821,25c86693e33ae778acf27c3255c2925f,12_4275678_T_G,12,4275678,2.138000011444092,-145,SuSie,SuSiE fine-mapped credible set with in-sample LD,Study has quality control flag(s),https://platform.opentargets.org/credible-set/25c86693e33ae778acf27c3255c2925f,34,38,38,True,25c86693e33ae778acf27c3255c2925f,f7a74bb2e8a87e70f643bd7e63cddfcf,,gtex-v10_exon_brain_cerebellar_hemisphere_ensg00000255920_4_12_4248794_4249190,eqtl,eqtl,ENSG00000255920,CCND2-AS1,UBERON_0002037,cerebellum,COLOC_PIP_ECAVIAR,0.0,1.0,1.0,1,-1
public_source_derived_pending_human_review,Open Targets GraphQL & REST API Beta,26,09,,26,9,0,2026-09-25T14:04:47.212407Z,FINNGEN_R12_T2D,FINNGEN_R12,"Type 2 diabetes, definitions combined",GRCh38,49e73e407ba8a062c7b0a32f145233d24505dd381e675c550e5ba76267f5c821,25c86693e33ae778acf27c3255c2925f,12_4275678_T_G,12,4275678,2.138000011444092,-145,SuSie,SuSiE fine-mapped credible set with in-sample LD,Study has quality control flag(s),https://platform.opentargets.org/credible-set/25c86693e33ae778acf27c3255c2925f,35,38,38,True,25c86693e33ae778acf27c3255c2925f,2774f514a88c395e8283f1da9b375369,,gtex-v10_exon_brain_cerebellum_ensg00000255920_4_12_4248794_4249190,eqtl,eqtl,ENSG00000255920,CCND2-AS1,UBERON_0002037,cerebellum,COLOC_PIP_ECAVIAR,0.0,1.0,1.0,1,-1
public_source_derived_pending_human_review,Open Targets GraphQL & REST API Beta,26,09,,26,9,0,2026-09-25T14:04:47.212407Z,FINNGEN_R12_T2D,FINNGEN_R12,"Type 2 diabetes, definitions combined",GRCh38,49e73e407ba8a062c7b0a32f145233d24505dd381e675c550e5ba76267f5c821,25c86693e33ae778acf27c3255c2925f,12_4275678_T_G,12,4275678,2.138000011444092,-145,SuSie,SuSiE fine-mapped credible set with in-sample LD,Study has quality control flag(s),https://platform.opentargets.org/credible-set/25c86693e33ae778acf27c3255c2925f,36,38,38,True,25c86693e33ae778acf27c3255c2925f,1422379ada006984175fcc4c7700705c,,gtex-v10_ge_esophagus_muscularis_ensg00000118971,eqtl,eqtl,ENSG00000118971,CCND2,UBERON_0004648,esophagus muscularis mucosa,COLOC_PIP_ECAVIAR,0.0,1.0,0.9999728387445467,1,-1
public_source_derived_pending_human_review,Open Targets GraphQL & REST API Beta,26,09,,26,9,0,2026-09-25T14:04:47.212407Z,FINNGEN_R12_T2D,FINNGEN_R12,"Type 2 diabetes, definitions combined",GRCh38,49e73e407ba8a062c7b0a32f145233d24505dd381e675c550e5ba76267f5c821,25c86693e33ae778acf27c3255c2925f,12_4275678_T_G,12,4275678,2.138000011444092,-145,SuSie,SuSiE fine-mapped credible set with in-sample LD,Study has quality control flag(s),https://platform.opentargets.org/credible-set/25c86693e33ae778acf27c3255c2925f,37,38,38,True,25c86693e33ae778acf27c3255c2925f,b9076cde961c70dde01fdb35bb480459,,gtex-v10_ge_esophagus_muscularis_ensg00000255920,eqtl,eqtl,ENSG00000255920,CCND2-AS1,UBERON_0004648,esophagus muscularis mucosa,COLOC_PIP_ECAVIAR,0.0,1.0,0.9999994882163772,1,-1
public_source_derived_pending_human_review,Open Targets GraphQL & REST API Beta,26,09,,26,9,0,2026-09-25T14:04:47.212407Z,FINNGEN_R12_T2D,FINNGEN_R12,"Type 2 diabetes, definitions combined",GRCh38,49e73e407ba8a062c7b0a32f145233d24505dd381e675c550e5ba76267f5c821,25c86693e33ae778acf27c3255c2925f,12_4275678_T_G,12,4275678,2.138000011444092,-145,SuSie,SuSiE fine-mapped credible set with in-sample LD,Study has quality control flag(s),https://platform.opentargets.org/credible-set/25c86693e33ae778acf27c3255c2925f,38,38,38,True,25c86693e33ae778acf27c3255c2925f,1b02fc265d97797468382f25e09ef211,,gtex-v10_ge_brain_putamen_ensg00000255920,eqtl,eqtl,ENSG00000255920,CCND2-AS1,UBERON_0001874,putamen,COLOC_PIP_ECAVIAR,0.0,1.0,0.9999999999202727,1,-1
public_source_derived_pending_human_review,Open Targets GraphQL & REST API Beta,26,09,,26,9,0,2026-09-25T14:04:47.212407Z,FINNGEN_R12_T2D,FINNGEN_R12,"Type 2 diabetes, definitions combined",GRCh38,49e73e407ba8a062c7b0a32f145233d24505dd381e675c550e5ba76267f5c821,911b5c2383e73877f5d1a394a5ed728c,16_53793567_A_G,16,53793567,1.3079999685287476,-92,SuSie,SuSiE fine-mapped credible set with in-sample LD,Study has quality control flag(s),https://platform.opentargets.org/credible-set/911b5c2383e73877f5d1a394a5ed728c,1,2,2,True,911b5c2383e73877f5d1a394a5ed728c,b552e9078e5071b9133fca1926238b30,,UKB_PPP_EUR_OBP2B_Q9NPH6_OID20980_v1,pqtl,pqtl,ENSG00000171102,OBP2B,UBERON_0001969,blood plasma,COLOC_PIP_ECAVIAR,0.15466261888640825,0.8453373811135918,0.004913777721488245,45,-1
public_source_derived_pending_human_review,Open Targets GraphQL & REST API Beta,26,09,,26,9,0,2026-09-25T14:04:47.212407Z,FINNGEN_R12_T2D,FINNGEN_R12,"Type 2 diabetes, definitions combined",GRCh38,49e73e407ba8a062c7b0a32f145233d24505dd381e675c550e5ba76267f5c821,911b5c2383e73877f5d1a394a5ed728c,16_53793567_A_G,16,53793567,1.3079999685287476,-92,SuSie,SuSiE fine-mapped credible set with in-sample LD,Study has quality control flag(s),https://platform.opentargets.org/credible-set/911b5c2383e73877f5d1a394a5ed728c,2,2,2,True,911b5c2383e73877f5d1a394a5ed728c,607b81100290f092a032387b1aaf34e1,,UKB_PPP_EUR_LEP_P41159_OID20187_v1,pqtl,pqtl,ENSG00000174697,LEP,UBERON_0001969,blood plasma,COLOC_PIP_ECAVIAR,0.06659978477877668,0.9334002152212234,0.012512353290438784,53,1
public_source_derived_pending_human_review,Open Targets GraphQL & REST API Beta,26,09,,26,9,0,2026-09-25T14:04:47.212407Z,FINNGEN_R12_T2D,FINNGEN_R12,"Type 2 diabetes, definitions combined",GRCh38,49e73e407ba8a062c7b0a32f145233d24505dd381e675c550e5ba76267f5c821,8b114fb0fc75e8f34eece8cee51dd41f,6_20703721_A_G,6,20703721,2.4809999465942383,-83,SuSie,SuSiE fine-mapped credible set with in-sample LD,Study has quality control flag(s),https://platform.opentargets.org/credible-set/8b114fb0fc75e8f34eece8cee51dd41f,1,4,4,True,8b114fb0fc75e8f34eece8cee51dd41f,1b37eb79ccebe74bcab34f4df80a3614,,UKB_PPP_EUR_PPY_P01298_OID21516_v1,pqtl,pqtl,ENSG00000108849,PPY,UBERON_0001969,blood plasma,COLOC_PIP_ECAVIAR,0.007450893016107225,0.9925491069838929,0.11397915699711195,6,-1
public_source_derived_pending_human_review,Open Targets GraphQL & REST API Beta,26,09,,26,9,0,2026-09-25T14:04:47.212407Z,FINNGEN_R12_T2D,FINNGEN_R12,"Type 2 diabetes, definitions combined",GRCh38,49e73e407ba8a062c7b0a32f145233d24505dd381e675c550e5ba76267f5c821,8b114fb0fc75e8f34eece8cee51dd41f,6_20703721_A_G,6,20703721,2.4809999465942383,-83,SuSie,SuSiE fine-mapped credible set with in-sample LD,Study has quality control flag(s),https://platform.opentargets.org/credible-set/8b114fb0fc75e8f34eece8cee51dd41f,2,4,4,True,8b114fb0fc75e8f34eece8cee51dd41f,67d8335a9e0427b195db270160c34db5,,fusion_leafcutter_muscle_naive_6_20534574_20535351_clu_6789_-,sqtl,sqtl,ENSG00000145996,CDKAL1,UBERON_0001134,skeletal muscle tissue,COLOC_PIP_ECAVIAR,0.050476102510885607,0.9495238974891144,0.017526600467116026,6,1
public_source_derived_pending_human_review,Open Targets GraphQL & REST API Beta,26,09,,26,9,0,2026-09-25T14:04:47.212407Z,FINNGEN_R12_T2D,FINNGEN_R12,"Type 2 diabetes, definitions combined",GRCh38,49e73e407ba8a062c7b0a32f145233d24505dd381e675c550e5ba76267f5c821,8b114fb0fc75e8f34eece8cee51dd41f,6_20703721_A_G,6,20703721,2.4809999465942383,-83,SuSie,SuSiE fine-mapped credible set with in-sample LD,Study has quality control flag(s),https://platform.opentargets.org/credible-set/8b114fb0fc75e8f34eece8cee51dd41f,3,4,4,True,8b114fb0fc75e8f34eece8cee51dd41f,6fb91e1ce27da1d929bc13da9dffdc9a,,OTAR2057_IBDverse_ge_Colon_ileum_Enterochromaffin_TPH1_CES1+_ENSG00000145996,sceqtl,sceqtl,ENSG00000145996,CDKAL1,CL_0000504,enterochromaffin-like cell,COLOC_PIP_ECAVIAR,0.014427898978604636,0.9855721010213954,0.06108280581803706,5,1
public_source_derived_pending_human_review,Open Targets GraphQL & REST API Beta,26,09,,26,9,0,2026-09-25T14:04:47.212407Z,FINNGEN_R12_T2D,FINNGEN_R12,"Type 2 diabetes, definitions combined",GRCh38,49e73e407ba8a062c7b0a32f145233d24505dd381e675c550e5ba76267f5c821,8b114fb0fc75e8f34eece8cee51dd41f,6_20703721_A_G,6,20703721,2.4809999465942383,-83,SuSie,SuSiE fine-mapped credible set with in-sample LD,Study has quality control flag(s),https://platform.opentargets.org/credible-set/8b114fb0fc75e8f34eece8cee51dd41f,4,4,4,True,8b114fb0fc75e8f34eece8cee51dd41f,215fc942e5e552daf185822712f84c94,,OTAR2057_IBDverse_ge_Colon_ileum_Enterochromaffin_TPH1_CES1+_ENSG00000233848,sceqtl,sceqtl,ENSG00000233848,ENSG00000233848,CL_0000504,enterochromaffin-like cell,COLOC_PIP_ECAVIAR,0.04111475466960328,0.9588852453303968,0.02164637195277578,6,1
