record_status,source_platform_name,source_data_version_year,source_data_version_month,source_data_version_iteration,source_api_version_x,source_api_version_y,source_api_version_z,source_retrieved_utc,source_study_id,source_project_id,source_trait,coordinate_build,source_evidence_sha256,study_locus_id,lead_variant_id,locus_chromosome,locus_position,locus_p_value_mantissa,locus_p_value_exponent,locus_finemapping_method,locus_confidence,source_quality_controls,source_url,source_row_number_within_locus,source_reported_count,source_fetched_count,source_collection_complete,variant_id,variant_rs_ids,variant_chromosome,variant_position,posterior_probability,is_95_credible_set,is_99_credible_set,beta,standard_error,locus_fetched_pip_sum,locus_missing_pip_count
public_source_derived_pending_human_review,Open Targets GraphQL & REST API Beta,26,09,,26,9,0,2026-09-25T14:04:47.212407Z,FINNGEN_R12_T2D,FINNGEN_R12,"Type 2 diabetes, definitions combined",GRCh38,49e73e407ba8a062c7b0a32f145233d24505dd381e675c550e5ba76267f5c821,83b58cde6c7d78f3211dce1b35b83674,10_112998590_C_T,10,112998590,1.0540000200271606,-282,SuSie,SuSiE fine-mapped credible set with in-sample LD,Study has quality control flag(s),https://platform.opentargets.org/credible-set/83b58cde6c7d78f3211dce1b35b83674,1,1,1,True,10_112998590_C_T,rs7903146,10,112998590,0.999980996096873,True,True,0.255332241955028,0.00713,0.999980996096873,0
public_source_derived_pending_human_review,Open Targets GraphQL & REST API Beta,26,09,,26,9,0,2026-09-25T14:04:47.212407Z,FINNGEN_R12_T2D,FINNGEN_R12,"Type 2 diabetes, definitions combined",GRCh38,49e73e407ba8a062c7b0a32f145233d24505dd381e675c550e5ba76267f5c821,25c86693e33ae778acf27c3255c2925f,12_4275678_T_G,12,4275678,2.138000011444092,-145,SuSie,SuSiE fine-mapped credible set with in-sample LD,Study has quality control flag(s),https://platform.opentargets.org/credible-set/25c86693e33ae778acf27c3255c2925f,1,1,1,True,12_4275678_T_G,rs76895963,12,4275678,1.0,True,True,-0.523607222463511,0.0190943,1.0,0
public_source_derived_pending_human_review,Open Targets GraphQL & REST API Beta,26,09,,26,9,0,2026-09-25T14:04:47.212407Z,FINNGEN_R12_T2D,FINNGEN_R12,"Type 2 diabetes, definitions combined",GRCh38,49e73e407ba8a062c7b0a32f145233d24505dd381e675c550e5ba76267f5c821,911b5c2383e73877f5d1a394a5ed728c,16_53793567_A_G,16,53793567,1.3079999685287476,-92,SuSie,SuSiE fine-mapped credible set with in-sample LD,Study has quality control flag(s),https://platform.opentargets.org/credible-set/911b5c2383e73877f5d1a394a5ed728c,1,56,56,True,16_53793567_A_G,rs10468280,16,53793567,0.0459602012564266,True,True,0.00554637748482878,0.0059298,0.9505637925173493,0
public_source_derived_pending_human_review,Open Targets GraphQL & REST API Beta,26,09,,26,9,0,2026-09-25T14:04:47.212407Z,FINNGEN_R12_T2D,FINNGEN_R12,"Type 2 diabetes, definitions combined",GRCh38,49e73e407ba8a062c7b0a32f145233d24505dd381e675c550e5ba76267f5c821,911b5c2383e73877f5d1a394a5ed728c,16_53793567_A_G,16,53793567,1.3079999685287476,-92,SuSie,SuSiE fine-mapped credible set with in-sample LD,Study has quality control flag(s),https://platform.opentargets.org/credible-set/911b5c2383e73877f5d1a394a5ed728c,2,56,56,True,16_53794050_A_G,rs62033408,16,53794050,0.0457647882228715,True,True,0.00552275736412328,0.00592982,0.9505637925173493,0
public_source_derived_pending_human_review,Open Targets GraphQL & REST API Beta,26,09,,26,9,0,2026-09-25T14:04:47.212407Z,FINNGEN_R12_T2D,FINNGEN_R12,"Type 2 diabetes, definitions combined",GRCh38,49e73e407ba8a062c7b0a32f145233d24505dd381e675c550e5ba76267f5c821,911b5c2383e73877f5d1a394a5ed728c,16_53793567_A_G,16,53793567,1.3079999685287476,-92,SuSie,SuSiE fine-mapped credible set with in-sample LD,Study has quality control flag(s),https://platform.opentargets.org/credible-set/911b5c2383e73877f5d1a394a5ed728c,3,56,56,True,16_53794154_C_T,rs17817964,16,53794154,0.0409976276740045,True,True,0.00494606702018002,0.00592971,0.9505637925173493,0
public_source_derived_pending_human_review,Open Targets GraphQL & REST API Beta,26,09,,26,9,0,2026-09-25T14:04:47.212407Z,FINNGEN_R12_T2D,FINNGEN_R12,"Type 2 diabetes, definitions combined",GRCh38,49e73e407ba8a062c7b0a32f145233d24505dd381e675c550e5ba76267f5c821,911b5c2383e73877f5d1a394a5ed728c,16_53793567_A_G,16,53793567,1.3079999685287476,-92,SuSie,SuSiE fine-mapped credible set with in-sample LD,Study has quality control flag(s),https://platform.opentargets.org/credible-set/911b5c2383e73877f5d1a394a5ed728c,4,56,56,True,16_53791993_G_A,rs56137030,16,53791993,0.0347175077080387,True,True,0.00418693385754352,0.00592999,0.9505637925173493,0
public_source_derived_pending_human_review,Open Targets GraphQL & REST API Beta,26,09,,26,9,0,2026-09-25T14:04:47.212407Z,FINNGEN_R12_T2D,FINNGEN_R12,"Type 2 diabetes, definitions combined",GRCh38,49e73e407ba8a062c7b0a32f145233d24505dd381e675c550e5ba76267f5c821,911b5c2383e73877f5d1a394a5ed728c,16_53793567_A_G,16,53793567,1.3079999685287476,-92,SuSie,SuSiE fine-mapped credible set with in-sample LD,Study has quality control flag(s),https://platform.opentargets.org/credible-set/911b5c2383e73877f5d1a394a5ed728c,5,56,56,True,16_53782363_C_A,rs8050136,16,53782363,0.0334975414635011,True,True,0.00403991968969951,0.00593067,0.9505637925173493,0
public_source_derived_pending_human_review,Open Targets GraphQL & REST API Beta,26,09,,26,9,0,2026-09-25T14:04:47.212407Z,FINNGEN_R12_T2D,FINNGEN_R12,"Type 2 diabetes, definitions combined",GRCh38,49e73e407ba8a062c7b0a32f145233d24505dd381e675c550e5ba76267f5c821,911b5c2383e73877f5d1a394a5ed728c,16_53793567_A_G,16,53793567,1.3079999685287476,-92,SuSie,SuSiE fine-mapped credible set with in-sample LD,Study has quality control flag(s),https://platform.opentargets.org/credible-set/911b5c2383e73877f5d1a394a5ed728c,6,56,56,True,16_53785286_G_C,rs9923233,16,53785286,0.0327448787314254,True,True,0.00394906251238525,0.00593087,0.9505637925173493,0
public_source_derived_pending_human_review,Open Targets GraphQL & REST API Beta,26,09,,26,9,0,2026-09-25T14:04:47.212407Z,FINNGEN_R12_T2D,FINNGEN_R12,"Type 2 diabetes, definitions combined",GRCh38,49e73e407ba8a062c7b0a32f145233d24505dd381e675c550e5ba76267f5c821,911b5c2383e73877f5d1a394a5ed728c,16_53793567_A_G,16,53793567,1.3079999685287476,-92,SuSie,SuSiE fine-mapped credible set with in-sample LD,Study has quality control flag(s),https://platform.opentargets.org/credible-set/911b5c2383e73877f5d1a394a5ed728c,7,56,56,True,16_53786615_T_A,rs9939609,16,53786615,0.0294820809938165,True,True,0.00355452707359469,0.00593064,0.9505637925173493,0
public_source_derived_pending_human_review,Open Targets GraphQL & REST API Beta,26,09,,26,9,0,2026-09-25T14:04:47.212407Z,FINNGEN_R12_T2D,FINNGEN_R12,"Type 2 diabetes, definitions combined",GRCh38,49e73e407ba8a062c7b0a32f145233d24505dd381e675c550e5ba76267f5c821,911b5c2383e73877f5d1a394a5ed728c,16_53793567_A_G,16,53793567,1.3079999685287476,-92,SuSie,SuSiE fine-mapped credible set with in-sample LD,Study has quality control flag(s),https://platform.opentargets.org/credible-set/911b5c2383e73877f5d1a394a5ed728c,8,56,56,True,16_53788528_G_A,rs7206122,16,53788528,0.0271942822118243,True,True,0.00327880924867892,0.005932,0.9505637925173493,0
public_source_derived_pending_human_review,Open Targets GraphQL & REST API Beta,26,09,,26,9,0,2026-09-25T14:04:47.212407Z,FINNGEN_R12_T2D,FINNGEN_R12,"Type 2 diabetes, definitions combined",GRCh38,49e73e407ba8a062c7b0a32f145233d24505dd381e675c550e5ba76267f5c821,911b5c2383e73877f5d1a394a5ed728c,16_53793567_A_G,16,53793567,1.3079999685287476,-92,SuSie,SuSiE fine-mapped credible set with in-sample LD,Study has quality control flag(s),https://platform.opentargets.org/credible-set/911b5c2383e73877f5d1a394a5ed728c,9,56,56,True,16_53785965_C_T,rs11075989,16,53785965,0.0252639462516347,True,True,0.00304518791485123,0.00593134,0.9505637925173493,0
public_source_derived_pending_human_review,Open Targets GraphQL & REST API Beta,26,09,,26,9,0,2026-09-25T14:04:47.212407Z,FINNGEN_R12_T2D,FINNGEN_R12,"Type 2 diabetes, definitions combined",GRCh38,49e73e407ba8a062c7b0a32f145233d24505dd381e675c550e5ba76267f5c821,911b5c2383e73877f5d1a394a5ed728c,16_53793567_A_G,16,53793567,1.3079999685287476,-92,SuSie,SuSiE fine-mapped credible set with in-sample LD,Study has quality control flag(s),https://platform.opentargets.org/credible-set/911b5c2383e73877f5d1a394a5ed728c,10,56,56,True,16_53775211_C_T,rs55872725,16,53775211,0.0234709517043815,True,True,0.00281223433103629,0.00589707,0.9505637925173493,0
public_source_derived_pending_human_review,Open Targets GraphQL & REST API Beta,26,09,,26,9,0,2026-09-25T14:04:47.212407Z,FINNGEN_R12_T2D,FINNGEN_R12,"Type 2 diabetes, definitions combined",GRCh38,49e73e407ba8a062c7b0a32f145233d24505dd381e675c550e5ba76267f5c821,911b5c2383e73877f5d1a394a5ed728c,16_53793567_A_G,16,53793567,1.3079999685287476,-92,SuSie,SuSiE fine-mapped credible set with in-sample LD,Study has quality control flag(s),https://platform.opentargets.org/credible-set/911b5c2383e73877f5d1a394a5ed728c,11,56,56,True,16_53786025_A_T,rs11075991,16,53786025,0.0233495179854592,True,True,0.00281372553617131,0.00593098,0.9505637925173493,0
public_source_derived_pending_human_review,Open Targets GraphQL & REST API Beta,26,09,,26,9,0,2026-09-25T14:04:47.212407Z,FINNGEN_R12_T2D,FINNGEN_R12,"Type 2 diabetes, definitions combined",GRCh38,49e73e407ba8a062c7b0a32f145233d24505dd381e675c550e5ba76267f5c821,911b5c2383e73877f5d1a394a5ed728c,16_53793567_A_G,16,53793567,1.3079999685287476,-92,SuSie,SuSiE fine-mapped credible set with in-sample LD,Study has quality control flag(s),https://platform.opentargets.org/credible-set/911b5c2383e73877f5d1a394a5ed728c,12,56,56,True,16_53786591_G_A,rs9926289,16,53786591,0.0232689030106628,True,True,0.00280398760568024,0.00593098,0.9505637925173493,0
public_source_derived_pending_human_review,Open Targets GraphQL & REST API Beta,26,09,,26,9,0,2026-09-25T14:04:47.212407Z,FINNGEN_R12_T2D,FINNGEN_R12,"Type 2 diabetes, definitions combined",GRCh38,49e73e407ba8a062c7b0a32f145233d24505dd381e675c550e5ba76267f5c821,911b5c2383e73877f5d1a394a5ed728c,16_53793567_A_G,16,53793567,1.3079999685287476,-92,SuSie,SuSiE fine-mapped credible set with in-sample LD,Study has quality control flag(s),https://platform.opentargets.org/credible-set/911b5c2383e73877f5d1a394a5ed728c,13,56,56,True,16_53785257_T_C,rs9936385,16,53785257,0.0232602676944432,True,True,0.00280279326529562,0.00593066,0.9505637925173493,0
public_source_derived_pending_human_review,Open Targets GraphQL & REST API Beta,26,09,,26,9,0,2026-09-25T14:04:47.212407Z,FINNGEN_R12_T2D,FINNGEN_R12,"Type 2 diabetes, definitions combined",GRCh38,49e73e407ba8a062c7b0a32f145233d24505dd381e675c550e5ba76267f5c821,911b5c2383e73877f5d1a394a5ed728c,16_53793567_A_G,16,53793567,1.3079999685287476,-92,SuSie,SuSiE fine-mapped credible set with in-sample LD,Study has quality control flag(s),https://platform.opentargets.org/credible-set/911b5c2383e73877f5d1a394a5ed728c,14,56,56,True,16_53787703_A_G,rs7202116,16,53787703,0.0228903610116724,True,True,0.00275825781527057,0.00593097,0.9505637925173493,0
public_source_derived_pending_human_review,Open Targets GraphQL & REST API Beta,26,09,,26,9,0,2026-09-25T14:04:47.212407Z,FINNGEN_R12_T2D,FINNGEN_R12,"Type 2 diabetes, definitions combined",GRCh38,49e73e407ba8a062c7b0a32f145233d24505dd381e675c550e5ba76267f5c821,911b5c2383e73877f5d1a394a5ed728c,16_53793567_A_G,16,53793567,1.3079999685287476,-92,SuSie,SuSiE fine-mapped credible set with in-sample LD,Study has quality control flag(s),https://platform.opentargets.org/credible-set/911b5c2383e73877f5d1a394a5ed728c,15,56,56,True,16_53782840_A_G,rs8051591,16,53782840,0.0228354287463724,True,True,0.00275161788168371,0.00593096,0.9505637925173493,0
public_source_derived_pending_human_review,Open Targets GraphQL & REST API Beta,26,09,,26,9,0,2026-09-25T14:04:47.212407Z,FINNGEN_R12_T2D,FINNGEN_R12,"Type 2 diabetes, definitions combined",GRCh38,49e73e407ba8a062c7b0a32f145233d24505dd381e675c550e5ba76267f5c821,911b5c2383e73877f5d1a394a5ed728c,16_53793567_A_G,16,53793567,1.3079999685287476,-92,SuSie,SuSiE fine-mapped credible set with in-sample LD,Study has quality control flag(s),https://platform.opentargets.org/credible-set/911b5c2383e73877f5d1a394a5ed728c,16,56,56,True,16_53788230_C_A,rs66908032,16,53788230,0.0227933690497132,True,True,0.00274654687864262,0.00593098,0.9505637925173493,0
public_source_derived_pending_human_review,Open Targets GraphQL & REST API Beta,26,09,,26,9,0,2026-09-25T14:04:47.212407Z,FINNGEN_R12_T2D,FINNGEN_R12,"Type 2 diabetes, definitions combined",GRCh38,49e73e407ba8a062c7b0a32f145233d24505dd381e675c550e5ba76267f5c821,911b5c2383e73877f5d1a394a5ed728c,16_53793567_A_G,16,53793567,1.3079999685287476,-92,SuSie,SuSiE fine-mapped credible set with in-sample LD,Study has quality control flag(s),https://platform.opentargets.org/credible-set/911b5c2383e73877f5d1a394a5ed728c,17,56,56,True,16_53788739_A_G,rs7185735,16,53788739,0.0219732211525659,True,True,0.00264742383344299,0.00593084,0.9505637925173493,0
public_source_derived_pending_human_review,Open Targets GraphQL & REST API Beta,26,09,,26,9,0,2026-09-25T14:04:47.212407Z,FINNGEN_R12_T2D,FINNGEN_R12,"Type 2 diabetes, definitions combined",GRCh38,49e73e407ba8a062c7b0a32f145233d24505dd381e675c550e5ba76267f5c821,911b5c2383e73877f5d1a394a5ed728c,16_53793567_A_G,16,53793567,1.3079999685287476,-92,SuSie,SuSiE fine-mapped credible set with in-sample LD,Study has quality control flag(s),https://platform.opentargets.org/credible-set/911b5c2383e73877f5d1a394a5ed728c,18,56,56,True,16_53786154_T_C,rs11075992,16,53786154,0.0218841654260193,True,True,0.00263670814986728,0.00593093,0.9505637925173493,0
public_source_derived_pending_human_review,Open Targets GraphQL & REST API Beta,26,09,,26,9,0,2026-09-25T14:04:47.212407Z,FINNGEN_R12_T2D,FINNGEN_R12,"Type 2 diabetes, definitions combined",GRCh38,49e73e407ba8a062c7b0a32f145233d24505dd381e675c550e5ba76267f5c821,911b5c2383e73877f5d1a394a5ed728c,16_53793567_A_G,16,53793567,1.3079999685287476,-92,SuSie,SuSiE fine-mapped credible set with in-sample LD,Study has quality control flag(s),https://platform.opentargets.org/credible-set/911b5c2383e73877f5d1a394a5ed728c,19,56,56,True,16_53785859_G_A,rs11075988,16,53785859,0.0218078411581543,True,True,0.00262749003416645,0.00593093,0.9505637925173493,0
public_source_derived_pending_human_review,Open Targets GraphQL & REST API Beta,26,09,,26,9,0,2026-09-25T14:04:47.212407Z,FINNGEN_R12_T2D,FINNGEN_R12,"Type 2 diabetes, definitions combined",GRCh38,49e73e407ba8a062c7b0a32f145233d24505dd381e675c550e5ba76267f5c821,911b5c2383e73877f5d1a394a5ed728c,16_53793567_A_G,16,53793567,1.3079999685287476,-92,SuSie,SuSiE fine-mapped credible set with in-sample LD,Study has quality control flag(s),https://platform.opentargets.org/credible-set/911b5c2383e73877f5d1a394a5ed728c,20,56,56,True,16_53788271_C_T,rs72803697,16,53788271,0.0213625559589856,True,True,0.00257371196481792,0.00593093,0.9505637925173493,0
public_source_derived_pending_human_review,Open Targets GraphQL & REST API Beta,26,09,,26,9,0,2026-09-25T14:04:47.212407Z,FINNGEN_R12_T2D,FINNGEN_R12,"Type 2 diabetes, definitions combined",GRCh38,49e73e407ba8a062c7b0a32f145233d24505dd381e675c550e5ba76267f5c821,911b5c2383e73877f5d1a394a5ed728c,16_53793567_A_G,16,53793567,1.3079999685287476,-92,SuSie,SuSiE fine-mapped credible set with in-sample LD,Study has quality control flag(s),https://platform.opentargets.org/credible-set/911b5c2383e73877f5d1a394a5ed728c,21,56,56,True,16_53784812_G_A,rs3751814,16,53784812,0.020984409711185,True,True,0.00252811271134867,0.00593109,0.9505637925173493,0
public_source_derived_pending_human_review,Open Targets GraphQL & REST API Beta,26,09,,26,9,0,2026-09-25T14:04:47.212407Z,FINNGEN_R12_T2D,FINNGEN_R12,"Type 2 diabetes, definitions combined",GRCh38,49e73e407ba8a062c7b0a32f145233d24505dd381e675c550e5ba76267f5c821,911b5c2383e73877f5d1a394a5ed728c,16_53793567_A_G,16,53793567,1.3079999685287476,-92,SuSie,SuSiE fine-mapped credible set with in-sample LD,Study has quality control flag(s),https://platform.opentargets.org/credible-set/911b5c2383e73877f5d1a394a5ed728c,22,56,56,True,16_53785981_A_G,rs11075990,16,53785981,0.0207346458761127,True,True,0.0024978782386812,0.00593092,0.9505637925173493,0
public_source_derived_pending_human_review,Open Targets GraphQL & REST API Beta,26,09,,26,9,0,2026-09-25T14:04:47.212407Z,FINNGEN_R12_T2D,FINNGEN_R12,"Type 2 diabetes, definitions combined",GRCh38,49e73e407ba8a062c7b0a32f145233d24505dd381e675c550e5ba76267f5c821,911b5c2383e73877f5d1a394a5ed728c,16_53793567_A_G,16,53793567,1.3079999685287476,-92,SuSie,SuSiE fine-mapped credible set with in-sample LD,Study has quality control flag(s),https://platform.opentargets.org/credible-set/911b5c2383e73877f5d1a394a5ed728c,23,56,56,True,16_53785455_G_A,rs9923312,16,53785455,0.0206561738581596,True,True,0.00248835165679854,0.0059308,0.9505637925173493,0
public_source_derived_pending_human_review,Open Targets GraphQL & REST API Beta,26,09,,26,9,0,2026-09-25T14:04:47.212407Z,FINNGEN_R12_T2D,FINNGEN_R12,"Type 2 diabetes, definitions combined",GRCh38,49e73e407ba8a062c7b0a32f145233d24505dd381e675c550e5ba76267f5c821,911b5c2383e73877f5d1a394a5ed728c,16_53793567_A_G,16,53793567,1.3079999685287476,-92,SuSie,SuSiE fine-mapped credible set with in-sample LD,Study has quality control flag(s),https://platform.opentargets.org/credible-set/911b5c2383e73877f5d1a394a5ed728c,24,56,56,True,16_53767042_T_C,rs1421085,16,53767042,0.0205128525402924,True,True,0.00245755520063564,0.0058984,0.9505637925173493,0
public_source_derived_pending_human_review,Open Targets GraphQL & REST API Beta,26,09,,26,9,0,2026-09-25T14:04:47.212407Z,FINNGEN_R12_T2D,FINNGEN_R12,"Type 2 diabetes, definitions combined",GRCh38,49e73e407ba8a062c7b0a32f145233d24505dd381e675c550e5ba76267f5c821,911b5c2383e73877f5d1a394a5ed728c,16_53793567_A_G,16,53793567,1.3079999685287476,-92,SuSie,SuSiE fine-mapped credible set with in-sample LD,Study has quality control flag(s),https://platform.opentargets.org/credible-set/911b5c2383e73877f5d1a394a5ed728c,25,56,56,True,16_53784922_A_G,rs56313538,16,53784922,0.0193968181987115,True,True,0.0023363503773632,0.00593096,0.9505637925173493,0
public_source_derived_pending_human_review,Open Targets GraphQL & REST API Beta,26,09,,26,9,0,2026-09-25T14:04:47.212407Z,FINNGEN_R12_T2D,FINNGEN_R12,"Type 2 diabetes, definitions combined",GRCh38,49e73e407ba8a062c7b0a32f145233d24505dd381e675c550e5ba76267f5c821,911b5c2383e73877f5d1a394a5ed728c,16_53793567_A_G,16,53793567,1.3079999685287476,-92,SuSie,SuSiE fine-mapped credible set with in-sample LD,Study has quality control flag(s),https://platform.opentargets.org/credible-set/911b5c2383e73877f5d1a394a5ed728c,26,56,56,True,16_53769662_T_A,rs1558902,16,53769662,0.0188532044830516,True,True,0.00225775348951005,0.00589708,0.9505637925173493,0
public_source_derived_pending_human_review,Open Targets GraphQL & REST API Beta,26,09,,26,9,0,2026-09-25T14:04:47.212407Z,FINNGEN_R12_T2D,FINNGEN_R12,"Type 2 diabetes, definitions combined",GRCh38,49e73e407ba8a062c7b0a32f145233d24505dd381e675c550e5ba76267f5c821,911b5c2383e73877f5d1a394a5ed728c,16_53793567_A_G,16,53793567,1.3079999685287476,-92,SuSie,SuSiE fine-mapped credible set with in-sample LD,Study has quality control flag(s),https://platform.opentargets.org/credible-set/911b5c2383e73877f5d1a394a5ed728c,27,56,56,True,16_53782926_G_A,rs9935401,16,53782926,0.0167451491707748,True,True,0.00201622835887206,0.00593093,0.9505637925173493,0
public_source_derived_pending_human_review,Open Targets GraphQL & REST API Beta,26,09,,26,9,0,2026-09-25T14:04:47.212407Z,FINNGEN_R12_T2D,FINNGEN_R12,"Type 2 diabetes, definitions combined",GRCh38,49e73e407ba8a062c7b0a32f145233d24505dd381e675c550e5ba76267f5c821,911b5c2383e73877f5d1a394a5ed728c,16_53793567_A_G,16,53793567,1.3079999685287476,-92,SuSie,SuSiE fine-mapped credible set with in-sample LD,Study has quality control flag(s),https://platform.opentargets.org/credible-set/911b5c2383e73877f5d1a394a5ed728c,28,56,56,True,16_53772541_A_G,rs56094641,16,53772541,0.0162468649613277,True,True,0.00194534761938572,0.00589834,0.9505637925173493,0
public_source_derived_pending_human_review,Open Targets GraphQL & REST API Beta,26,09,,26,9,0,2026-09-25T14:04:47.212407Z,FINNGEN_R12_T2D,FINNGEN_R12,"Type 2 diabetes, definitions combined",GRCh38,49e73e407ba8a062c7b0a32f145233d24505dd381e675c550e5ba76267f5c821,911b5c2383e73877f5d1a394a5ed728c,16_53793567_A_G,16,53793567,1.3079999685287476,-92,SuSie,SuSiE fine-mapped credible set with in-sample LD,Study has quality control flag(s),https://platform.opentargets.org/credible-set/911b5c2383e73877f5d1a394a5ed728c,29,56,56,True,16_53779455_T_G,rs17817449,16,53779455,0.0159727857024838,True,True,0.00192292958019716,0.00593068,0.9505637925173493,0
public_source_derived_pending_human_review,Open Targets GraphQL & REST API Beta,26,09,,26,9,0,2026-09-25T14:04:47.212407Z,FINNGEN_R12_T2D,FINNGEN_R12,"Type 2 diabetes, definitions combined",GRCh38,49e73e407ba8a062c7b0a32f145233d24505dd381e675c550e5ba76267f5c821,911b5c2383e73877f5d1a394a5ed728c,16_53793567_A_G,16,53793567,1.3079999685287476,-92,SuSie,SuSiE fine-mapped credible set with in-sample LD,Study has quality control flag(s),https://platform.opentargets.org/credible-set/911b5c2383e73877f5d1a394a5ed728c,30,56,56,True,16_53788475_C_T,rs62033405,16,53788475,0.0155396316382449,True,True,0.00187083195749915,0.00593123,0.9505637925173493,0
public_source_derived_pending_human_review,Open Targets GraphQL & REST API Beta,26,09,,26,9,0,2026-09-25T14:04:47.212407Z,FINNGEN_R12_T2D,FINNGEN_R12,"Type 2 diabetes, definitions combined",GRCh38,49e73e407ba8a062c7b0a32f145233d24505dd381e675c550e5ba76267f5c821,911b5c2383e73877f5d1a394a5ed728c,16_53793567_A_G,16,53793567,1.3079999685287476,-92,SuSie,SuSiE fine-mapped credible set with in-sample LD,Study has quality control flag(s),https://platform.opentargets.org/credible-set/911b5c2383e73877f5d1a394a5ed728c,31,56,56,True,16_53787385_T_C,rs7206410,16,53787385,0.014130460135353,True,True,0.00170099215475257,0.00593194,0.9505637925173493,0
public_source_derived_pending_human_review,Open Targets GraphQL & REST API Beta,26,09,,26,9,0,2026-09-25T14:04:47.212407Z,FINNGEN_R12_T2D,FINNGEN_R12,"Type 2 diabetes, definitions combined",GRCh38,49e73e407ba8a062c7b0a32f145233d24505dd381e675c550e5ba76267f5c821,911b5c2383e73877f5d1a394a5ed728c,16_53793567_A_G,16,53793567,1.3079999685287476,-92,SuSie,SuSiE fine-mapped credible set with in-sample LD,Study has quality control flag(s),https://platform.opentargets.org/credible-set/911b5c2383e73877f5d1a394a5ed728c,32,56,56,True,16_53777031_C_T,rs62033399,16,53777031,0.0135648246568233,True,True,0.00163251202167419,0.00593111,0.9505637925173493,0
public_source_derived_pending_human_review,Open Targets GraphQL & REST API Beta,26,09,,26,9,0,2026-09-25T14:04:47.212407Z,FINNGEN_R12_T2D,FINNGEN_R12,"Type 2 diabetes, definitions combined",GRCh38,49e73e407ba8a062c7b0a32f145233d24505dd381e675c550e5ba76267f5c821,911b5c2383e73877f5d1a394a5ed728c,16_53793567_A_G,16,53793567,1.3079999685287476,-92,SuSie,SuSiE fine-mapped credible set with in-sample LD,Study has quality control flag(s),https://platform.opentargets.org/credible-set/911b5c2383e73877f5d1a394a5ed728c,33,56,56,True,16_53784548_G_T,rs3751812,16,53784548,0.013389533135274,True,True,0.00161135147196094,0.00593106,0.9505637925173493,0
public_source_derived_pending_human_review,Open Targets GraphQL & REST API Beta,26,09,,26,9,0,2026-09-25T14:04:47.212407Z,FINNGEN_R12_T2D,FINNGEN_R12,"Type 2 diabetes, definitions combined",GRCh38,49e73e407ba8a062c7b0a32f145233d24505dd381e675c550e5ba76267f5c821,911b5c2383e73877f5d1a394a5ed728c,16_53793567_A_G,16,53793567,1.3079999685287476,-92,SuSie,SuSiE fine-mapped credible set with in-sample LD,Study has quality control flag(s),https://platform.opentargets.org/credible-set/911b5c2383e73877f5d1a394a5ed728c,34,56,56,True,16_53787778_A_G,rs7202296,16,53787778,0.0126467814148946,True,True,0.00152265873890749,0.00593458,0.9505637925173493,0
public_source_derived_pending_human_review,Open Targets GraphQL & REST API Beta,26,09,,26,9,0,2026-09-25T14:04:47.212407Z,FINNGEN_R12_T2D,FINNGEN_R12,"Type 2 diabetes, definitions combined",GRCh38,49e73e407ba8a062c7b0a32f145233d24505dd381e675c550e5ba76267f5c821,911b5c2383e73877f5d1a394a5ed728c,16_53793567_A_G,16,53793567,1.3079999685287476,-92,SuSie,SuSiE fine-mapped credible set with in-sample LD,Study has quality control flag(s),https://platform.opentargets.org/credible-set/911b5c2383e73877f5d1a394a5ed728c,35,56,56,True,16_53781523_T_C,rs17817497,16,53781523,0.0125818388701703,True,True,0.00151388349009738,0.00593091,0.9505637925173493,0
public_source_derived_pending_human_review,Open Targets GraphQL & REST API Beta,26,09,,26,9,0,2026-09-25T14:04:47.212407Z,FINNGEN_R12_T2D,FINNGEN_R12,"Type 2 diabetes, definitions combined",GRCh38,49e73e407ba8a062c7b0a32f145233d24505dd381e675c550e5ba76267f5c821,911b5c2383e73877f5d1a394a5ed728c,16_53793567_A_G,16,53793567,1.3079999685287476,-92,SuSie,SuSiE fine-mapped credible set with in-sample LD,Study has quality control flag(s),https://platform.opentargets.org/credible-set/911b5c2383e73877f5d1a394a5ed728c,36,56,56,True,16_53777876_A_G,rs62033400,16,53777876,0.0115907335024233,True,True,0.00139438380647097,0.00593104,0.9505637925173493,0
public_source_derived_pending_human_review,Open Targets GraphQL & REST API Beta,26,09,,26,9,0,2026-09-25T14:04:47.212407Z,FINNGEN_R12_T2D,FINNGEN_R12,"Type 2 diabetes, definitions combined",GRCh38,49e73e407ba8a062c7b0a32f145233d24505dd381e675c550e5ba76267f5c821,911b5c2383e73877f5d1a394a5ed728c,16_53793567_A_G,16,53793567,1.3079999685287476,-92,SuSie,SuSiE fine-mapped credible set with in-sample LD,Study has quality control flag(s),https://platform.opentargets.org/credible-set/911b5c2383e73877f5d1a394a5ed728c,37,56,56,True,16_53778521_T_C,rs8063057,16,53778521,0.0110856192141953,True,True,0.00133344881900666,0.00593093,0.9505637925173493,0
public_source_derived_pending_human_review,Open Targets GraphQL & REST API Beta,26,09,,26,9,0,2026-09-25T14:04:47.212407Z,FINNGEN_R12_T2D,FINNGEN_R12,"Type 2 diabetes, definitions combined",GRCh38,49e73e407ba8a062c7b0a32f145233d24505dd381e675c550e5ba76267f5c821,911b5c2383e73877f5d1a394a5ed728c,16_53793567_A_G,16,53793567,1.3079999685287476,-92,SuSie,SuSiE fine-mapped credible set with in-sample LD,Study has quality control flag(s),https://platform.opentargets.org/credible-set/911b5c2383e73877f5d1a394a5ed728c,38,56,56,True,16_53787213_A_G,rs17817712,16,53787213,0.0108367507214288,True,True,0.00130373167841282,0.00593225,0.9505637925173493,0
public_source_derived_pending_human_review,Open Targets GraphQL & REST API Beta,26,09,,26,9,0,2026-09-25T14:04:47.212407Z,FINNGEN_R12_T2D,FINNGEN_R12,"Type 2 diabetes, definitions combined",GRCh38,49e73e407ba8a062c7b0a32f145233d24505dd381e675c550e5ba76267f5c821,911b5c2383e73877f5d1a394a5ed728c,16_53793567_A_G,16,53793567,1.3079999685287476,-92,SuSie,SuSiE fine-mapped credible set with in-sample LD,Study has quality control flag(s),https://platform.opentargets.org/credible-set/911b5c2383e73877f5d1a394a5ed728c,39,56,56,True,16_53769311_G_A,rs62048402,16,53769311,0.010749665002424,True,True,0.00128560441952424,0.00589725,0.9505637925173493,0
public_source_derived_pending_human_review,Open Targets GraphQL & REST API Beta,26,09,,26,9,0,2026-09-25T14:04:47.212407Z,FINNGEN_R12_T2D,FINNGEN_R12,"Type 2 diabetes, definitions combined",GRCh38,49e73e407ba8a062c7b0a32f145233d24505dd381e675c550e5ba76267f5c821,911b5c2383e73877f5d1a394a5ed728c,16_53793567_A_G,16,53793567,1.3079999685287476,-92,SuSie,SuSiE fine-mapped credible set with in-sample LD,Study has quality control flag(s),https://platform.opentargets.org/credible-set/911b5c2383e73877f5d1a394a5ed728c,40,56,56,True,16_53776774_T_C,rs7193144,16,53776774,0.0101455188592192,True,True,0.0012202367445935,0.00593157,0.9505637925173493,0
public_source_derived_pending_human_review,Open Targets GraphQL & REST API Beta,26,09,,26,9,0,2026-09-25T14:04:47.212407Z,FINNGEN_R12_T2D,FINNGEN_R12,"Type 2 diabetes, definitions combined",GRCh38,49e73e407ba8a062c7b0a32f145233d24505dd381e675c550e5ba76267f5c821,911b5c2383e73877f5d1a394a5ed728c,16_53793567_A_G,16,53793567,1.3079999685287476,-92,SuSie,SuSiE fine-mapped credible set with in-sample LD,Study has quality control flag(s),https://platform.opentargets.org/credible-set/911b5c2383e73877f5d1a394a5ed728c,41,56,56,True,16_53768582_C_T,rs11642015,16,53768582,0.00874951888849813,True,True,0.00104587954667106,0.00589728,0.9505637925173493,0
public_source_derived_pending_human_review,Open Targets GraphQL & REST API Beta,26,09,,26,9,0,2026-09-25T14:04:47.212407Z,FINNGEN_R12_T2D,FINNGEN_R12,"Type 2 diabetes, definitions combined",GRCh38,49e73e407ba8a062c7b0a32f145233d24505dd381e675c550e5ba76267f5c821,911b5c2383e73877f5d1a394a5ed728c,16_53793567_A_G,16,53793567,1.3079999685287476,-92,SuSie,SuSiE fine-mapped credible set with in-sample LD,Study has quality control flag(s),https://platform.opentargets.org/credible-set/911b5c2383e73877f5d1a394a5ed728c,42,56,56,True,16_53779538_A_T,rs8043757,16,53779538,0.00841972225830734,True,True,0.0010121184979104,0.00593103,0.9505637925173493,0
public_source_derived_pending_human_review,Open Targets GraphQL & REST API Beta,26,09,,26,9,0,2026-09-25T14:04:47.212407Z,FINNGEN_R12_T2D,FINNGEN_R12,"Type 2 diabetes, definitions combined",GRCh38,49e73e407ba8a062c7b0a32f145233d24505dd381e675c550e5ba76267f5c821,911b5c2383e73877f5d1a394a5ed728c,16_53793567_A_G,16,53793567,1.3079999685287476,-92,SuSie,SuSiE fine-mapped credible set with in-sample LD,Study has quality control flag(s),https://platform.opentargets.org/credible-set/911b5c2383e73877f5d1a394a5ed728c,43,56,56,True,16_53788325_A_G,rs62033403,16,53788325,0.00693297918175492,True,True,0.000832929219984254,0.00593048,0.9505637925173493,0
public_source_derived_pending_human_review,Open Targets GraphQL & REST API Beta,26,09,,26,9,0,2026-09-25T14:04:47.212407Z,FINNGEN_R12_T2D,FINNGEN_R12,"Type 2 diabetes, definitions combined",GRCh38,49e73e407ba8a062c7b0a32f145233d24505dd381e675c550e5ba76267f5c821,911b5c2383e73877f5d1a394a5ed728c,16_53793567_A_G,16,53793567,1.3079999685287476,-92,SuSie,SuSiE fine-mapped credible set with in-sample LD,Study has quality control flag(s),https://platform.opentargets.org/credible-set/911b5c2383e73877f5d1a394a5ed728c,44,56,56,True,16_53788327_A_G,rs62033404,16,53788327,0.00693297918175492,True,True,0.000832929219984254,0.00593048,0.9505637925173493,0
public_source_derived_pending_human_review,Open Targets GraphQL & REST API Beta,26,09,,26,9,0,2026-09-25T14:04:47.212407Z,FINNGEN_R12_T2D,FINNGEN_R12,"Type 2 diabetes, definitions combined",GRCh38,49e73e407ba8a062c7b0a32f145233d24505dd381e675c550e5ba76267f5c821,911b5c2383e73877f5d1a394a5ed728c,16_53793567_A_G,16,53793567,1.3079999685287476,-92,SuSie,SuSiE fine-mapped credible set with in-sample LD,Study has quality control flag(s),https://platform.opentargets.org/credible-set/911b5c2383e73877f5d1a394a5ed728c,45,56,56,True,16_53780451_G_T,rs9972653,16,53780451,0.00668644255917915,True,True,0.00080303116084563,0.00592894,0.9505637925173493,0
public_source_derived_pending_human_review,Open Targets GraphQL & REST API Beta,26,09,,26,9,0,2026-09-25T14:04:47.212407Z,FINNGEN_R12_T2D,FINNGEN_R12,"Type 2 diabetes, definitions combined",GRCh38,49e73e407ba8a062c7b0a32f145233d24505dd381e675c550e5ba76267f5c821,911b5c2383e73877f5d1a394a5ed728c,16_53793567_A_G,16,53793567,1.3079999685287476,-92,SuSie,SuSiE fine-mapped credible set with in-sample LD,Study has quality control flag(s),https://platform.opentargets.org/credible-set/911b5c2383e73877f5d1a394a5ed728c,46,56,56,True,16_53789815_T_C,rs79994966,16,53789815,0.00616794069092466,True,True,0.000741128814795897,0.00593306,0.9505637925173493,0
public_source_derived_pending_human_review,Open Targets GraphQL & REST API Beta,26,09,,26,9,0,2026-09-25T14:04:47.212407Z,FINNGEN_R12_T2D,FINNGEN_R12,"Type 2 diabetes, definitions combined",GRCh38,49e73e407ba8a062c7b0a32f145233d24505dd381e675c550e5ba76267f5c821,911b5c2383e73877f5d1a394a5ed728c,16_53793567_A_G,16,53793567,1.3079999685287476,-92,SuSie,SuSiE fine-mapped credible set with in-sample LD,Study has quality control flag(s),https://platform.opentargets.org/credible-set/911b5c2383e73877f5d1a394a5ed728c,47,56,56,True,16_53792116_T_C,rs28567725,16,53792116,0.00449463907456927,True,True,0.000537483688444218,0.00590922,0.9505637925173493,0
public_source_derived_pending_human_review,Open Targets GraphQL & REST API Beta,26,09,,26,9,0,2026-09-25T14:04:47.212407Z,FINNGEN_R12_T2D,FINNGEN_R12,"Type 2 diabetes, definitions combined",GRCh38,49e73e407ba8a062c7b0a32f145233d24505dd381e675c550e5ba76267f5c821,911b5c2383e73877f5d1a394a5ed728c,16_53793567_A_G,16,53793567,1.3079999685287476,-92,SuSie,SuSiE fine-mapped credible set with in-sample LD,Study has quality control flag(s),https://platform.opentargets.org/credible-set/911b5c2383e73877f5d1a394a5ed728c,48,56,56,True,16_53793267_C_G,rs9931494,16,53793267,0.00395064702917033,True,True,0.000472269959740255,0.00590906,0.9505637925173493,0
public_source_derived_pending_human_review,Open Targets GraphQL & REST API Beta,26,09,,26,9,0,2026-09-25T14:04:47.212407Z,FINNGEN_R12_T2D,FINNGEN_R12,"Type 2 diabetes, definitions combined",GRCh38,49e73e407ba8a062c7b0a32f145233d24505dd381e675c550e5ba76267f5c821,911b5c2383e73877f5d1a394a5ed728c,16_53793567_A_G,16,53793567,1.3079999685287476,-92,SuSie,SuSiE fine-mapped credible set with in-sample LD,Study has quality control flag(s),https://platform.opentargets.org/credible-set/911b5c2383e73877f5d1a394a5ed728c,49,56,56,True,16_53775335_G_A,rs1121980,16,53775335,0.00372443929157956,True,True,0.000442995756452972,0.00588025,0.9505637925173493,0
public_source_derived_pending_human_review,Open Targets GraphQL & REST API Beta,26,09,,26,9,0,2026-09-25T14:04:47.212407Z,FINNGEN_R12_T2D,FINNGEN_R12,"Type 2 diabetes, definitions combined",GRCh38,49e73e407ba8a062c7b0a32f145233d24505dd381e675c550e5ba76267f5c821,911b5c2383e73877f5d1a394a5ed728c,16_53793567_A_G,16,53793567,1.3079999685287476,-92,SuSie,SuSiE fine-mapped credible set with in-sample LD,Study has quality control flag(s),https://platform.opentargets.org/credible-set/911b5c2383e73877f5d1a394a5ed728c,50,56,56,True,16_53771295_C_A,rs11075985,16,53771295,0.00342955337136823,True,True,0.000407818943201901,0.00587996,0.9505637925173493,0
public_source_derived_pending_human_review,Open Targets GraphQL & REST API Beta,26,09,,26,9,0,2026-09-25T14:04:47.212407Z,FINNGEN_R12_T2D,FINNGEN_R12,"Type 2 diabetes, definitions combined",GRCh38,49e73e407ba8a062c7b0a32f145233d24505dd381e675c550e5ba76267f5c821,911b5c2383e73877f5d1a394a5ed728c,16_53793567_A_G,16,53793567,1.3079999685287476,-92,SuSie,SuSiE fine-mapped credible set with in-sample LD,Study has quality control flag(s),https://platform.opentargets.org/credible-set/911b5c2383e73877f5d1a394a5ed728c,51,56,56,True,16_53765391_C_T,rs28562191,16,53765391,0.00342911102418975,True,True,0.000407881332942853,0.00588162,0.9505637925173493,0
public_source_derived_pending_human_review,Open Targets GraphQL & REST API Beta,26,09,,26,9,0,2026-09-25T14:04:47.212407Z,FINNGEN_R12_T2D,FINNGEN_R12,"Type 2 diabetes, definitions combined",GRCh38,49e73e407ba8a062c7b0a32f145233d24505dd381e675c550e5ba76267f5c821,911b5c2383e73877f5d1a394a5ed728c,16_53793567_A_G,16,53793567,1.3079999685287476,-92,SuSie,SuSiE fine-mapped credible set with in-sample LD,Study has quality control flag(s),https://platform.opentargets.org/credible-set/911b5c2383e73877f5d1a394a5ed728c,52,56,56,True,16_53766073_T_A,rs9930397,16,53766073,0.00336398443574272,True,True,0.000400108530713417,0.00588151,0.9505637925173493,0
public_source_derived_pending_human_review,Open Targets GraphQL & REST API Beta,26,09,,26,9,0,2026-09-25T14:04:47.212407Z,FINNGEN_R12_T2D,FINNGEN_R12,"Type 2 diabetes, definitions combined",GRCh38,49e73e407ba8a062c7b0a32f145233d24505dd381e675c550e5ba76267f5c821,911b5c2383e73877f5d1a394a5ed728c,16_53793567_A_G,16,53793567,1.3079999685287476,-92,SuSie,SuSiE fine-mapped credible set with in-sample LD,Study has quality control flag(s),https://platform.opentargets.org/credible-set/911b5c2383e73877f5d1a394a5ed728c,53,56,56,True,16_53765366_G_GT,rs199952722,16,53765366,0.00335914957354173,True,True,0.000399533433533758,0.00588153,0.9505637925173493,0
public_source_derived_pending_human_review,Open Targets GraphQL & REST API Beta,26,09,,26,9,0,2026-09-25T14:04:47.212407Z,FINNGEN_R12_T2D,FINNGEN_R12,"Type 2 diabetes, definitions combined",GRCh38,49e73e407ba8a062c7b0a32f145233d24505dd381e675c550e5ba76267f5c821,911b5c2383e73877f5d1a394a5ed728c,16_53793567_A_G,16,53793567,1.3079999685287476,-92,SuSie,SuSiE fine-mapped credible set with in-sample LD,Study has quality control flag(s),https://platform.opentargets.org/credible-set/911b5c2383e73877f5d1a394a5ed728c,54,56,56,True,16_53765367_G_T,rs57292959,16,53765367,0.00335914957354173,True,True,0.000399533433533758,0.00588153,0.9505637925173493,0
public_source_derived_pending_human_review,Open Targets GraphQL & REST API Beta,26,09,,26,9,0,2026-09-25T14:04:47.212407Z,FINNGEN_R12_T2D,FINNGEN_R12,"Type 2 diabetes, definitions combined",GRCh38,49e73e407ba8a062c7b0a32f145233d24505dd381e675c550e5ba76267f5c821,911b5c2383e73877f5d1a394a5ed728c,16_53793567_A_G,16,53793567,1.3079999685287476,-92,SuSie,SuSiE fine-mapped credible set with in-sample LD,Study has quality control flag(s),https://platform.opentargets.org/credible-set/911b5c2383e73877f5d1a394a5ed728c,55,56,56,True,16_53768073_C_T,rs9923544,16,53768073,0.00335550082224449,True,True,0.000399088897012574,0.00588139,0.9505637925173493,0
public_source_derived_pending_human_review,Open Targets GraphQL & REST API Beta,26,09,,26,9,0,2026-09-25T14:04:47.212407Z,FINNGEN_R12_T2D,FINNGEN_R12,"Type 2 diabetes, definitions combined",GRCh38,49e73e407ba8a062c7b0a32f145233d24505dd381e675c550e5ba76267f5c821,911b5c2383e73877f5d1a394a5ed728c,16_53793567_A_G,16,53793567,1.3079999685287476,-92,SuSie,SuSiE fine-mapped credible set with in-sample LD,Study has quality control flag(s),https://platform.opentargets.org/credible-set/911b5c2383e73877f5d1a394a5ed728c,56,56,56,True,16_53766717_C_G,rs9940646,16,53766717,0.00332433649645949,True,True,0.000395379389447926,0.00588148,0.9505637925173493,0
public_source_derived_pending_human_review,Open Targets GraphQL & REST API Beta,26,09,,26,9,0,2026-09-25T14:04:47.212407Z,FINNGEN_R12_T2D,FINNGEN_R12,"Type 2 diabetes, definitions combined",GRCh38,49e73e407ba8a062c7b0a32f145233d24505dd381e675c550e5ba76267f5c821,f26ca97da3415b5a097fdf85b538997e,20_44354839_C_CA,20,44354839,4.919000148773193,-91,SuSie,SuSiE fine-mapped credible set with in-sample LD,Study has quality control flag(s),https://platform.opentargets.org/credible-set/f26ca97da3415b5a097fdf85b538997e,1,1,1,True,20_44354839_C_CA,rs1003266299,20,44354839,1.0,True,True,0.540273484800798,0.0260851,1.0,0
public_source_derived_pending_human_review,Open Targets GraphQL & REST API Beta,26,09,,26,9,0,2026-09-25T14:04:47.212407Z,FINNGEN_R12_T2D,FINNGEN_R12,"Type 2 diabetes, definitions combined",GRCh38,49e73e407ba8a062c7b0a32f145233d24505dd381e675c550e5ba76267f5c821,8b114fb0fc75e8f34eece8cee51dd41f,6_20703721_A_G,6,20703721,2.4809999465942383,-83,SuSie,SuSiE fine-mapped credible set with in-sample LD,Study has quality control flag(s),https://platform.opentargets.org/credible-set/8b114fb0fc75e8f34eece8cee51dd41f,1,6,6,True,6_20703721_A_G,rs6931514,6,20703721,0.3395720816727,True,True,0.0439575127989034,0.00616389,0.9991892842592187,0
public_source_derived_pending_human_review,Open Targets GraphQL & REST API Beta,26,09,,26,9,0,2026-09-25T14:04:47.212407Z,FINNGEN_R12_T2D,FINNGEN_R12,"Type 2 diabetes, definitions combined",GRCh38,49e73e407ba8a062c7b0a32f145233d24505dd381e675c550e5ba76267f5c821,8b114fb0fc75e8f34eece8cee51dd41f,6_20703721_A_G,6,20703721,2.4809999465942383,-83,SuSie,SuSiE fine-mapped credible set with in-sample LD,Study has quality control flag(s),https://platform.opentargets.org/credible-set/8b114fb0fc75e8f34eece8cee51dd41f,2,6,6,True,6_20673649_T_C,rs7451008,6,20673649,0.213753708930711,True,True,0.0276167291294436,0.0061584,0.9991892842592187,0
public_source_derived_pending_human_review,Open Targets GraphQL & REST API Beta,26,09,,26,9,0,2026-09-25T14:04:47.212407Z,FINNGEN_R12_T2D,FINNGEN_R12,"Type 2 diabetes, definitions combined",GRCh38,49e73e407ba8a062c7b0a32f145233d24505dd381e675c550e5ba76267f5c821,8b114fb0fc75e8f34eece8cee51dd41f,6_20703721_A_G,6,20703721,2.4809999465942383,-83,SuSie,SuSiE fine-mapped credible set with in-sample LD,Study has quality control flag(s),https://platform.opentargets.org/credible-set/8b114fb0fc75e8f34eece8cee51dd41f,3,6,6,True,6_20686765_C_A,rs9368222,6,20686765,0.180523789304143,True,True,0.0233276599659812,0.00616187,0.9991892842592187,0
public_source_derived_pending_human_review,Open Targets GraphQL & REST API Beta,26,09,,26,9,0,2026-09-25T14:04:47.212407Z,FINNGEN_R12_T2D,FINNGEN_R12,"Type 2 diabetes, definitions combined",GRCh38,49e73e407ba8a062c7b0a32f145233d24505dd381e675c550e5ba76267f5c821,8b114fb0fc75e8f34eece8cee51dd41f,6_20703721_A_G,6,20703721,2.4809999465942383,-83,SuSie,SuSiE fine-mapped credible set with in-sample LD,Study has quality control flag(s),https://platform.opentargets.org/credible-set/8b114fb0fc75e8f34eece8cee51dd41f,4,6,6,True,6_20687890_T_A,rs10440833,6,20687890,0.110736635119973,True,True,0.0142989313385438,0.00616411,0.9991892842592187,0
public_source_derived_pending_human_review,Open Targets GraphQL & REST API Beta,26,09,,26,9,0,2026-09-25T14:04:47.212407Z,FINNGEN_R12_T2D,FINNGEN_R12,"Type 2 diabetes, definitions combined",GRCh38,49e73e407ba8a062c7b0a32f145233d24505dd381e675c550e5ba76267f5c821,8b114fb0fc75e8f34eece8cee51dd41f,6_20703721_A_G,6,20703721,2.4809999465942383,-83,SuSie,SuSiE fine-mapped credible set with in-sample LD,Study has quality control flag(s),https://platform.opentargets.org/credible-set/8b114fb0fc75e8f34eece8cee51dd41f,5,6,6,True,6_20680447_T_A,rs9348441,6,20680447,0.0904617097661105,True,True,0.0116671132619611,0.00615966,0.9991892842592187,0
public_source_derived_pending_human_review,Open Targets GraphQL & REST API Beta,26,09,,26,9,0,2026-09-25T14:04:47.212407Z,FINNGEN_R12_T2D,FINNGEN_R12,"Type 2 diabetes, definitions combined",GRCh38,49e73e407ba8a062c7b0a32f145233d24505dd381e675c550e5ba76267f5c821,8b114fb0fc75e8f34eece8cee51dd41f,6_20703721_A_G,6,20703721,2.4809999465942383,-83,SuSie,SuSiE fine-mapped credible set with in-sample LD,Study has quality control flag(s),https://platform.opentargets.org/credible-set/8b114fb0fc75e8f34eece8cee51dd41f,6,6,6,True,6_20675561_C_A,rs35261542,6,20675561,0.0641413594655812,True,True,0.00826628815739892,0.00615986,0.9991892842592187,0
